title;director;release_year;runtime;genre;rating;metascore;gross
The Shawshank Redemption;Frank Darabont;1994;142;Drama;9.3;82;28.34
The Godfather;Francis Ford Coppola;1972;175;Crime, Drama;9.2;100;134.97
The Dark Knight;Christopher Nolan;2008;152;Action, Crime, Drama;9.0;84;534.86
Schindler's List;Steven Spielberg;1993;195;Biography, Drama, History;9.0;95;96.90
12 Angry Men;Sidney Lumet;1957;96;Crime, Drama;9.0;97;4.36
The Lord of the Rings: The Return of the King;Peter Jackson;2003;201;Action, Adventure, Drama;9.0;94;377.85
The Godfather Part II;Francis Ford Coppola;1974;202;Crime, Drama;9.0;90;57.30
Spider-Man: Across the Spider-Verse;Joaquim Dos Santos;2023;140;Animation, Action, Adventure;8.9;86;
Pulp Fiction;Quentin Tarantino;1994;154;Crime, Drama;8.9;95;107.93
Inception;Christopher Nolan;2010;148;Action, Adventure, Sci-Fi;8.8;74;292.58
The Lord of the Rings: The Fellowship of the Ring;Peter Jackson;2001;178;Action, Adventure, Drama;8.8;92;315.54
Fight Club;David Fincher;1999;139;Drama;8.8;67;37.03
Forrest Gump;Robert Zemeckis;1994;142;Drama, Romance;8.8;82;330.25
The Good, the Bad and the Ugly;Sergio Leone;1966;178;Adventure, Western;8.8;90;6.10
The Lord of the Rings: The Two Towers;Peter Jackson;2002;179;Action, Adventure, Drama;8.8;87;342.55
Jai Bhim;T.J. Gnanavel;2021;164;Crime, Drama, Mystery;8.8;;
777 Charlie;Kiranraj K;2022;164;Adventure, Comedy, Drama;8.8;;
Interstellar;Christopher Nolan;2014;169;Adventure, Drama, Sci-Fi;8.7;74;188.02
Goodfellas;Martin Scorsese;1990;145;Biography, Crime, Drama;8.7;92;46.84
The Matrix;Lana Wachowski;1999;136;Action, Sci-Fi;8.7;73;171.48
One Flew Over the Cuckoo's Nest;Milos Forman;1975;133;Drama;8.7;84;112.00
Star Wars: Episode V - The Empire Strikes Back;Irvin Kershner;1980;124;Action, Adventure, Fantasy;8.7;82;290.48
Rocketry: The Nambi Effect;Madhavan;2022;157;Biography, Drama;8.7;;
Soorarai Pottru;Sudha Kongara;2020;153;Action, Drama;8.7;;
The Green Mile;Frank Darabont;1999;189;Crime, Drama, Fantasy;8.6;61;136.80
Terminator 2: Judgment Day;James Cameron;1991;137;Action, Sci-Fi;8.6;75;204.84
Se7en;David Fincher;1995;127;Crime, Drama, Mystery;8.6;65;100.13
Saving Private Ryan;Steven Spielberg;1998;169;Drama, War;8.6;91;216.54
The Silence of the Lambs;Jonathan Demme;1991;118;Crime, Drama, Thriller;8.6;86;130.74
Star Wars: Episode IV - A New Hope;George Lucas;1977;121;Action, Adventure, Fantasy;8.6;90;322.74
Spirited Away;Hayao Miyazaki;2001;125;Animation, Adventure, Family;8.6;96;10.06
City of God;Fernando Meirelles;2002;130;Crime, Drama;8.6;79;7.56
Life Is Beautiful;Roberto Benigni;1997;116;Comedy, Drama, Romance;8.6;59;57.60
Seven Samurai;Akira Kurosawa;1954;207;Action, Drama;8.6;98;0.27
It's a Wonderful Life;Frank Capra;1946;130;Drama, Family, Fantasy;8.6;89;
Harakiri;Masaki Kobayashi;1962;133;Action, Drama, Mystery;8.6;85;
Sita Ramam;Hanu Raghavapudi;2022;163;Action, Drama, Mystery;8.6;;
Back to the Future;Robert Zemeckis;1985;116;Adventure, Comedy, Sci-Fi;8.5;87;210.61
The Departed;Martin Scorsese;2006;151;Crime, Drama, Thriller;8.5;85;132.38
Gladiator;Ridley Scott;2000;155;Action, Adventure, Drama;8.5;67;187.71
Alien;Ridley Scott;1979;117;Horror, Sci-Fi;8.5;89;78.90
Parasite;Bong Joon Ho;2019;132;Drama, Thriller;8.5;96;53.37
The Prestige;Christopher Nolan;2006;130;Drama, Mystery, Sci-Fi;8.5;66;53.09
Whiplash;Damien Chazelle;2014;106;Drama, Music;8.5;89;13.09
Léon: The Professional;Luc Besson;1994;110;Action, Crime, Drama;8.5;64;19.50
The Lion King;Roger Allers;1994;88;Animation, Adventure, Drama;8.5;88;422.78
The Usual Suspects;Bryan Singer;1995;106;Crime, Drama, Mystery;8.5;77;23.34
Casablanca;Michael Curtiz;1942;102;Drama, Romance, War;8.5;100;1.02
American History X;Tony Kaye;1998;119;Crime, Drama;8.5;62;6.72
Psycho;Alfred Hitchcock;1960;109;Horror, Mystery, Thriller;8.5;97;32.00
The Pianist;Roman Polanski;2002;150;Biography, Drama, Music;8.5;85;32.57
The Intouchables;Olivier Nakache;2011;112;Biography, Comedy, Drama;8.5;57;13.18
Once Upon a Time in the West;Sergio Leone;1968;165;Western;8.5;82;5.32
Grave of the Fireflies;Isao Takahata;1988;89;Animation, Drama, War;8.5;94;
Rear Window;Alfred Hitchcock;1954;112;Mystery, Thriller;8.5;100;36.76
Cinema Paradiso;Giuseppe Tornatore;1988;155;Drama, Romance;8.5;80;11.99
Modern Times;Charles Chaplin;;87;Comedy, Drama, Romance;8.5;96;0.16
City Lights;Charles Chaplin;1931;87;Comedy, Drama, Romance;8.5;99;0.02
;C. Prem Kumar;II 2018;158;Drama, Romance;8.5;;
Indiana Jones and the Raiders of the Lost Ark;Steven Spielberg;1981;115;Action, Adventure;8.4;85;248.16
Spider-Man: Into the Spider-Verse;Bob Persichetti;2018;117;Animation, Action, Adventure;8.4;87;190.24
Avengers: Endgame;Anthony Russo;2019;181;Action, Adventure, Drama;8.4;78;858.37
Django Unchained;Quentin Tarantino;2012;165;Drama, Western;8.4;81;162.81
Apocalypse Now;Francis Ford Coppola;1979;147;Drama, Mystery, War;8.4;94;83.47
Aliens;James Cameron;1986;137;Action, Adventure, Sci-Fi;8.4;84;85.16
Joker;Todd Phillips;I 2019;122;Crime, Drama, Thriller;8.4;59;335.45
The Dark Knight Rises;Christopher Nolan;2012;164;Action, Drama, Thriller;8.4;78;448.14
Avengers: Infinity War;Anthony Russo;2018;149;Action, Adventure, Sci-Fi;8.4;68;678.82
The Shining;Stanley Kubrick;1980;146;Drama, Horror;8.4;66;44.02
Oldboy;Park Chan-wook;2003;120;Action, Drama, Mystery;8.4;77;0.71
Memento;Christopher Nolan;2000;113;Mystery, Thriller;8.4;83;25.54
Amadeus;Milos Forman;1984;160;Biography, Drama, Music;8.4;88;51.97
Come and See;Elem Klimov;1985;142;Drama, Thriller, War;8.4;;
Coco;Lee Unkrich;I 2017;105;Animation, Adventure, Drama;8.4;81;209.73
Your Name.;Makoto Shinkai;2016;106;Animation, Drama, Fantasy;8.4;81;5.02
WALL·E;Andrew Stanton;2008;98;Animation, Adventure, Family;8.4;95;223.81
3 Idiots;Rajkumar Hirani;2009;170;Comedy, Drama;8.4;67;6.53
The Lives of Others;Florian Henckel von Donnersmarck;2006;137;Drama, Mystery, Thriller;8.4;89;11.29
Dr. Strangelove or: How I Learned to Stop Worrying and Love the Bomb;Stanley Kubrick;1964;95;Comedy, War;8.4;97;0.28
Das Boot;Wolfgang Petersen;1981;;Drama, War;8.4;86;11.49
Capernaum;Nadine Labaki;2018;126;Drama;8.4;75;1.66
Sunset Blvd.;Billy Wilder;1950;110;Drama, Film-Noir;8.4;94;
Paths of Glory;Stanley Kubrick;1957;88;Drama, War;8.4;90;
Witness for the Prosecution;Billy Wilder;1957;116;Crime, Drama, Mystery;8.4;76;8.18
The Great Dictator;Charles Chaplin;1940;125;Comedy, Drama, War;;;0.29
High and Low;Akira Kurosawa;1963;143;Crime, Drama, Mystery;8.4;90;
Kaithi;Lokesh Kanagaraj;2019;145;Action, Adventure, Crime;8.4;;
Sardar Udham;Shoojit Sircar;2021;164;Biography, Crime, Drama;8.4;;
Asuran;Vetrimaaran;2019;141;Action, Drama;8.4;;
Drishyam 2;Jeethu Joseph;2021;152;Crime, Drama, Thriller;8.4;;
Top Gun: Maverick;Joseph Kosinski;2022;130;Action, Drama;8.3;78;718.73
Heat;Michael Mann;1995;170;Action, Crime, Drama;8.3;76;67.44
Inglourious Basterds;Quentin Tarantino;2009;153;Adventure, Drama, War;8.3;69;120.54
Full Metal Jacket;Stanley Kubrick;1987;116;Drama, War;8.3;78;46.36
Scarface;Brian De Palma;1983;170;Crime, Drama;8.3;65;45.60
American Beauty;Sam Mendes;1999;122;Drama;8.3;84;130.10
Requiem for a Dream;Darren Aronofsky;2000;102;Drama;8.3;71;3.64
Good Will Hunting;Gus Van Sant;1997;126;Drama, Romance;8.3;70;138.43
Eternal Sunshine of the Spotlessd;Michel Gondry;2004;108;Drama, Romance, Sci-Fi;8.3;89;34.40
A Clockwork Orange;Stanley Kubrick;1971;136;Crime, Sci-Fi;8.3;77;6.21
Vertigo;Alfred Hitchcock;1958;128;Mystery, Romance, Thriller;8.3;100;3.20
Braveheart;Mel Gibson;1995;178;Biography, Drama, History;8.3;68;75.60
2001: A Space Odyssey;Stanley Kubrick;1968;149;Adventure, Sci-Fi;8.3;84;56.95
Reservoir Dogs;Quentin Tarantino;1992;99;Crime, Thriller;8.3;81;2.83
Once Upon a Time in America;Sergio Leone;1984;229;Crime, Drama;8.3;75;5.32
The Hunt;Thomas Vinterberg;2012;115;Drama;8.3;77;0.69
Toy Story;John Lasseter;1995;81;Animation, Adventure, Comedy;8.3;96;191.80
Hamilton;Thomas Kail;2020;160;Biography, Drama, History;8.3;89;
Up;Pete Docter;2009;96;Animation, Adventure, Comedy;8.3;88;293.00
Star Wars: Episode VI - Return of the Jedi;Richard Marquand;1983;131;Action, Adventure, Fantasy;8.3;58;309.13
Amélie;Jean-Pierre Jeunet;2001;122;Comedy, Romance;8.3;69;33.23
Incendies;Denis Villeneuve;2010;131;Drama, Mystery;8.3;80;6.86
Lawrence of Arabia;David Lean;1962;218;Adventure, Biography, Drama;8.3;100;44.82
Toy Story 3;Lee Unkrich;2010;103;Animation, Adventure, Comedy;8.3;92;415.00
Princess Mononoke;Hayao Miyazaki;1997;134;Animation, Action, Adventure;8.3;76;2.38
North by Northwest;Alfred Hitchcock;1959;136;Action, Adventure, Mystery;8.3;98;13.28
To Kill a Mockingbird;Robert Mulligan;1962;129;Crime, Drama;8.3;88;
Citizen Kane;Orson Welles;1941;119;Drama, Mystery;8.3;100;1.59
Singin' in the Rain;Stanley Donen;1952;103;Comedy, Musical, Romance;8.3;99;8.82
Metropolis;Fritz Lang;1927;153;Drama, Sci-Fi;8.3;98;1.24
The Sting;George Roy Hill;1973;129;Comedy, Crime, Drama;8.3;83;159.60
A Separation;Asghar Farhadi;2011;123;Drama;8.3;95;7.10
M;Fritz Lang;1931;99;Crime, Mystery, Thriller;8.3;;0.03
The Apartment;Billy Wilder;1960;125;Comedy, Drama, Romance;8.3;94;18.60
Dangal;Nitesh Tiwari;2016;161;Action, Biography, Drama;8.3;;12.39
Ikiru;Akira Kurosawa;1952;143;Drama;8.3;92;0.06
Judgment at Nuremberg;Stanley Kramer;1961;179;Drama, War;8.3;60;
Kantara;Rishab Shetty;2022;148;Action, Adventure, Drama;8.3;;
Double Indemnity;Billy Wilder;1944;107;Crime, Drama, Film-Noir;8.3;95;5.72
Like Stars on Earth;Aamir Khan;2007;165;Drama, Family;8.3;;1.22
Bicycle Thieves;Vittorio De Sica;1948;89;Drama;8.3;;0.33
Ayla: The Daughter of War;Can Ulkay;2017;125;Biography, Drama, History;8.3;;
K.G.F: Chapter 2;Prashanth Neel;2022;168;Action, Crime, Drama;8.3;;6.60
Vikram;Lokesh Kanagaraj;2022;175;Action, Crime, Thriller;8.3;;
Chhichhore;Nitesh Tiwari;2019;143;Comedy, Drama, Romance;8.3;;0.90
The Kid;Charles Chaplin;1921;68;Comedy, Drama, Family;8.3;;5.45
Shershaah;Vishnuvardhan;2021;135;Action, Biography, Drama;8.3;;
Raatchasan;Ram Kumar;2018;170;Action, Crime, Drama;8.3;;
Drishyam;Jeethu Joseph;2013;160;Crime, Drama, Thriller;8.3;;
Guardians of the Galaxy Vol. 3;James Gunn;2023;150;Action, Adventure, Comedy;8.2;64;
Indiana Jones and the Last Crusade;Steven Spielberg;1989;127;Action, Adventure;8.2;65;197.17
The Wolf of Wall Street;Martin Scorsese;2013;180;Biography, Comedy, Crime;8.2;75;116.90
Spider-Man: No Way Home;Jon Watts;2021;148;Action, Adventure, Fantasy;8.2;71;804.75
There Will Be Blood;Paul Thomas Anderson;2007;158;Drama;8.2;93;40.22
Jurassic Park;Steven Spielberg;1993;127;Action, Adventure, Sci-Fi;8.2;68;402.45
Shutter Island;Martin Scorsese;2010;138;Mystery, Thriller;8.2;63;128.01
No Country for Old Men;Ethan Coen;2007;122;Crime, Drama, Thriller;8.2;92;74.28
The Thing;John Carpenter;1982;109;Horror, Mystery, Sci-Fi;8.2;57;13.78
Batman Begins;Christopher Nolan;2005;140;Action, Crime, Drama;8.2;70;206.85
Taxi Driver;Martin Scorsese;1976;114;Crime, Drama;8.2;94;28.26
1917;Sam Mendes;2019;119;Action, Drama, War;8.2;78;159.23
Casino;Martin Scorsese;1995;178;Crime, Drama;8.2;73;42.44
Snatch;Guy Ritchie;2000;102;Comedy, Crime;8.2;55;30.33
Howl's Moving Castle;Hayao Miyazaki;2004;119;Animation, Adventure, Family;8.2;82;4.71
Unforgiven;Clint Eastwood;1992;130;Drama, Western;8.2;85;101.16
The Truman Show;Peter Weir;1998;103;Comedy, Drama;8.2;90;125.62
Green Book;Peter Farrelly;2018;130;Biography, Comedy, Drama;8.2;69;85.08
Kill Bill: Vol. 1;Quentin Tarantino;2003;111;Action, Crime, Thriller;8.2;69;70.10
L.A. Confidential;Curtis Hanson;1997;138;Crime, Drama, Mystery;8.2;91;64.62
The Sixth Sense;M. Night Shyamalan;1999;107;Drama, Mystery, Thriller;8.2;64;293.51
Finding Nemo;Andrew Stanton;2003;100;Animation, Adventure, Comedy;8.2;90;380.84
Die Hard;John McTiernan;1988;132;Action, Thriller;8.2;72;83.01
A Beautifuld;Ron Howard;2001;135;Biography, Drama;8.2;72;170.74
The Father;Florian Zeller;I 2020;97;Drama, Mystery;8.2;88;
Downfall;Oliver Hirschbiegel;2004;156;Biography, Drama, History;8.2;82;5.51
Gone with the Wind;Victor Fleming;1939;238;Drama, Romance, War;8.2;97;198.68
Chinatown;Roman Polanski;1974;130;Drama, Mystery, Thriller;8.2;92;8.49
V for Vendetta;James McTeigue;2005;132;Action, Drama, Sci-Fi;8.2;62;70.51
Pan's Labyrinth;Guillermo del Toro;2006;118;Drama, Fantasy, War;8.2;98;37.63
The Great Escape;John Sturges;1963;172;Adventure, Drama, History;8.2;86;12.10
Some Like It Hot;Billy Wilder;1959;121;Comedy, Music, Romance;8.2;98;25.00
Monty Python and the Holy Grail;Terry Gilliam;1975;91;Adventure, Comedy, Fantasy;8.2;91;1.23
The Elephant Man;David Lynch;1980;124;Biography, Drama;8.2;78;
Demon Slayer the Movie: Mugen Train;Haruo Sotozaki;2020;117;Animation, Action, Adventure;8.2;72;47.70
The Secret in Their Eyes;Juan José Campanella;2009;129;Drama, Mystery, Romance;8.2;80;6.39
For a Few Dollars More;Sergio Leone;1965;132;Drama, Western;8.2;74;15.00
Ran;Akira Kurosawa;1985;162;Action, Drama, War;8.2;97;4.14
Klaus;Sergio Pablos;2019;96;Animation, Adventure, Comedy;8.2;65;
Drishyam 2;Abhishek Pathak;2022;140;Crime, Drama, Mystery;8.2;;
Dial M for Murder;Alfred Hitchcock;1954;105;Crime, Thriller;8.2;75;0.01
All About Eve;Joseph L. Mankiewicz;1950;138;Drama;8.2;98;0.01
Baahubali 2: The Conclusion;S.S. Rajamouli;2017;167;Action, Drama;8.2;;20.19
Andhadhun;Sriram Raghavan;2018;139;Crime, Mystery, Thriller;8.2;;1.37
Gangs of Wasseypur;Anurag Kashyap;2012;321;Action, Comedy, Crime;8.2;89;
Rashomon;Akira Kurosawa;1950;88;Crime, Drama, Mystery;8.2;98;0.10
The Treasure of the Sierra Madre;John Huston;1948;126;Adventure, Drama, Western;8.2;98;5.01
Yojimbo;Akira Kurosawa;1961;110;Action, Drama, Thriller;8.2;93;
To Be or Not to Be;Ernst Lubitsch;1942;99;Comedy, Romance, War;8.2;86;
Drishyam;Nishikant Kamat;2015;163;Crime, Drama, Mystery;8.2;;0.74
Tumbbad;Rahi Anil Barve;2018;;Drama, Fantasy, Horror;8.2;;
Zindagi Na Milegi Dobara;Zoya Akhtar;2011;155;Comedy, Drama, Musical;8.2;;3.11
Miracle in Cell No. 7;Mehmet Ada Öztekin;2019;132;Drama;8.2;;
Pather Panchali;Satyajit Ray;1955;125;Drama;8.2;;0.54
Z;Costa-Gavras;1969;127;Crime, Drama, Thriller;8.2;86;0.08
Tokyo Story;Yasujirô Ozu;1953;136;Drama;8.2;100;
Children of Heaven;Majid Majidi;1997;89;Drama, Family, Sport;8.2;77;0.93
Uri: The Surgical Strike;Aditya Dhar;2019;138;Action, Drama, History;8.2;;4.19
Swades;Ashutosh Gowariker;2004;189;Drama, Musical;8.2;;1.22
The Wages of Fear;Henri-Georges Clouzot;1953;131;Adventure, Drama, Thriller;8.2;85;
K.G.F: Chapter 1;Prashanth Neel;2018;156;Action, Crime, Drama;8.2;;
The Passion of Joan of Arc;Carl Theodor Dreyer;1928;114;;8.2;98;0.02
My Father and My Son;Çagan Irmak;2005;112;Drama, Family;8.2;;
Sherlock Jr.;Buster Keaton;;45;Action, Comedy, Romance;8.2;;0.98
Dersu Uzala;Akira Kurosawa;1975;142;Adventure, Biography, Drama;8.2;;
Umberto D.;Vittorio De Sica;1952;89;Drama;8.2;92;0.07
Vikram Vedha;Gayatri;2017;147;Action, Crime, Drama;8.2;;
Paan Singh Tomar;Tigmanshu Dhulia;2012;135;Action, Biography, Crime;8.2;;0.04
Rangasthalam 1985;Sukumar;2018;170;Action, Drama;8.2;;3.51
Bhaag Milkha Bhaag;Rakeysh Omprakash Mehra;2013;186;Biography, Drama, Sport;8.2;;1.63
Jaws;Steven Spielberg;1975;124;Adventure, Mystery, Thriller;8.1;87;260.00
The Grand Budapest Hotel;Wes Anderson;2014;99;Adventure, Comedy, Crime;8.1;88;59.10
Prisoners;Denis Villeneuve;2013;153;Crime, Drama, Mystery;8.1;70;61.00
Pirates of the Caribbean: The Curse of the Black Pearl;Gore Verbinski;2003;143;Action, Adventure, Fantasy;8.1;63;305.41
Blade Runner;Ridley Scott;1982;117;Action, Drama, Sci-Fi;8.1;84;32.87
The Terminator;James Cameron;1984;107;Action, Sci-Fi;8.1;84;38.40
Mad Max: Fury Road;George Miller;2015;120;Action, Adventure, Sci-Fi;8.1;90;154.06
Gone Girl;David Fincher;2014;149;Drama, Mystery, Thriller;8.1;79;167.77
Ford v Ferrari;James Mangold;2019;152;Action, Biography, Drama;8.1;81;117.62
The Help;Tate Taylor;2011;146;Drama;8.1;62;169.71
Logan;James Mangold;2017;137;Action, Drama, Sci-Fi;8.1;77;226.28
Catch Me If You Can;Steven Spielberg;2002;;Biography, Crime, Drama;8.1;75;164.62
The Big Lebowski;Joel Coen;1998;117;Comedy, Crime;8.1;71;17.50
Hacksaw Ridge;Mel Gibson;2016;139;Biography, Drama, History;8.1;71;67.21
Stand by Me;Rob Reiner;1986;89;Adventure, Drama;8.1;75;52.29
Ratatouille;Brad Bird;2007;111;Animation, Adventure, Comedy;8.1;96;206.45
Harry Potter and the Deathly Hallows: Part 2;David Yates;2011;130;Adventure, Family, Fantasy;8.1;85;381.01
The Exorcist;William Friedkin;1973;122;Horror;8.1;81;232.91
Inside Out;Pete Docter;I 2015;95;Animation, Adventure, Comedy;8.1;94;356.46
The Handmaiden;Park Chan-wook;2016;145;Drama, Romance, Thriller;8.1;85;2.01
Rocky;John G. Avildsen;1976;120;Drama, Sport;8.1;70;117.24
On the Waterfront;Elia Kazan;1954;108;Crime, Drama, Thriller;8.1;91;9.60
Fargo;Joel Coen;1996;98;Crime, Thriller;8.1;86;24.61
Trainspotting;Danny Boyle;1996;93;Drama;8.1;83;16.50
The Wizard of Oz;Victor Fleming;1939;102;Adventure, Family, Fantasy;8.1;92;2.08
Three Billboards Outside Ebbing, Missouri;Martin McDonagh;2017;115;Comedy, Crime, Drama;8.1;88;54.51
Dead Poets Society;Peter Weir;1989;128;Comedy, Drama;8.1;79;95.86
;Sean Penn;2007;148;Adventure, Biography, Drama;8.1;73;18.35
The Deer Hunter;Michael Cimino;1978;183;Drama, War;8.1;86;48.98
Monsters, Inc.;Pete Docter;2001;92;Animation, Adventure, Comedy;8.1;79;289.92
Memories of Murder;Bong Joon Ho;2003;132;Crime, Drama, Mystery;8.1;82;0.01
Room;Lenny Abrahamson;I 2015;118;Drama, Thriller;8.1;86;14.68
Before Sunrise;Richard Linklater;1995;101;Drama, Romance;8.1;77;5.54
Rush;Ron Howard;I 2013;123;Action, Biography, Drama;8.1;74;26.95
12 Years a Slave;Steve McQueen;2013;134;Biography, Drama, History;8.1;96;56.67
Spotlight;Tom McCarthy;I 2015;129;Biography, Crime, Drama;8.1;93;45.06
The Sound of Music;Robert Wise;1965;172;Biography, Drama, Family;8.1;63;163.21
Platoon;Oliver Stone;1986;120;Drama, War;8.1;92;138.53
How to Train Your Dragon;Dean DeBlois;2010;98;Animation, Action, Adventure;8.1;75;217.58
Lock, Stock and Two Smoking Barrels;Guy Ritchie;1998;107;Action, Comedy, Crime;8.1;66;3.90
Warrior;Gavin O'Connor;2011;140;Action, Drama, Sport;8.1;71;13.66
Portrait of a Lady on Fire;Céline Sciamma;2019;122;Drama;8.1;95;3.76
Gran Torino;Clint Eastwood;2008;116;Drama;8.1;72;148.10
Million Dollar Baby;Clint Eastwood;2004;132;Drama, Sport;8.1;86;100.49
Barry Lyndon;Stanley Kubrick;1975;185;Adventure, Drama, War;8.1;89;
In the Mood for Love;Kar-Wai Wong;2000;98;Drama, Romance;8.1;87;2.73
La haine;Mathieu Kassovitz;1995;98;Crime, Drama;8.1;;0.31
Hachi: A Dog's Tale;Lasse Hallström;2009;93;Biography, Drama, Family;8.1;;
My Neighbor Totoro;Hayao Miyazaki;1988;86;Animation, Comedy, Family;8.1;86;1.11
Raging Bull;Martin Scorsese;1980;129;Biography, Drama, Sport;8.1;90;23.38
Cool Hand Luke;Stuart Rosenberg;1967;127;Crime, Drama;8.1;92;16.22
The Iron Giant;Brad Bird;1999;86;Animation, Action, Adventure;8.1;85;23.16
Wild Tales;Damián Szifron;2014;122;Comedy, Drama, Thriller;8.1;77;3.11
Before Sunset;Richard Linklater;2004;80;Drama, Romance;8.1;91;5.82
Stalker;Andrei Tarkovsky;1979;162;Drama, Sci-Fi;8.1;85;0.23
A Silent Voice: The Movie;Naoko Yamada;2016;130;Animation, Drama;8.1;78;
Network;Sidney Lumet;1976;121;Drama;8.1;83;
Ben-Hur;William Wyler;1959;212;Adventure, Drama;8.1;90;74.70
Paris, Texas;Wim Wenders;1984;145;Drama;8.1;81;2.18
The Seventh Seal;Ingmar Bergman;1957;96;Drama, Fantasy;8.1;88;
The Bridge on the River Kwai;David Lean;1957;161;Adventure, Drama, War;8.1;87;44.91
Persona;Ingmar Bergman;1966;83;Drama, Thriller;8.1;86;
In the Name of the Father;Jim Sheridan;1993;133;Biography, Crime, Drama;8.1;84;25.01
Hotel Rwanda;Terry George;2004;121;Biography, Drama, History;8.1;79;23.53
Amores Perros;Alejandro G. Iñárritu;2000;154;Drama, Thriller;8.1;83;5.38
The Message;Moustapha Akkad;1976;177;Biography, Drama, History;8.1;;
Rebecca;Alfred Hitchcock;1940;130;Drama, Film-Noir, Mystery;8.1;86;4.36
Neon Genesis Evangelion: The End of Evangelion;Hideaki Anno;1997;87;Animation, Action, Drama;8.1;;
The Man Who Shot Liberty Valance;John Ford;1962;123;Drama, Western;8.1;94;
Inherit the Wind;Stanley Kramer;1960;128;Biography, Drama, History;8.1;75;
The Third Man;Carol Reed;1949;93;Film-Noir, Mystery, Thriller;8.1;97;0.45
Paper Moon;Peter Bogdanovich;1973;102;Comedy, Crime, Drama;8.1;77;30.93
The Best Years of Our Lives;William Wyler;1946;170;Drama, Romance, War;8.1;93;23.65
The Grapes of Wrath;John Ford;;129;Drama;8.1;96;0.06
All Quiet on the Western Front;Lewis Milestone;;152;Drama, War;8.1;91;3.27
Mary and Max;Adam Elliot;2009;92;Animation, Comedy, Drama;8.1;;
A Woman Under the Influence;John Cassavetes;1974;155;Drama, Romance;8.1;88;13.34
The 400 Blows;François Truffaut;1959;99;Crime, Drama;8.1;;
Three Colors: Red;Krzysztof Kieslowski;1994;99;Drama, Mystery, Romance;8.1;100;4.04
The Celebration;Thomas Vinterberg;1998;105;Drama;8.1;82;1.65
PK;Rajkumar Hirani;2014;153;Comedy, Drama, Sci-Fi;8.1;;10.62
It Happened One Night;Frank Capra;1934;105;Comedy, Romance;8.1;87;4.36
Fanny and Alexander;Ingmar Bergman;1982;188;Drama;8.1;100;4.97
Bajrangi Bhaijaan;Kabir Khan;2015;163;Action, Adventure, Comedy;8.1;;8.18
Wild Strawberries;Ingmar Bergman;1957;91;Drama, Romance;8.1;88;
The Red Shoes;Michael Powell;1948;135;Drama, Music, Romance;8.1;;10.90
Lagaan: Once Upon a Time in India;Ashutosh Gowariker;2001;224;Drama, Musical, Sport;8.1;84;0.07
Yi Yi: A One and a Two...;Edward Yang;2000;173;Drama, Romance;8.1;94;1.14
Underground;Emir Kusturica;1995;167;Comedy, Drama, Fantasy;8.1;79;0.17
The Battle of Algiers;Gillo Pontecorvo;1966;121;Drama, War;8.1;96;0.06
Farewell My Concubine;Kaige Chen;1993;171;Drama, Music, Romance;8.1;83;5.22
Mr. Smith Goes to Washington;Frank Capra;1939;129;Comedy, Drama;8.1;73;9.60
Winter Sleep;Nuri Bilge Ceylan;2014;196;Drama;8.1;88;0.17
Diabolique;Henri-Georges Clouzot;1955;117;Crime, Drama, Horror;8.1;;1.09
Andrei Rublev;Andrei Tarkovsky;1966;205;Biography, Drama, History;8.1;;0.10
Dil Chahta Hai;Farhan Akhtar;2001;183;Comedy, Drama, Romance;8.1;;0.30
Wolf Children;Mamoru Hosoda;2012;117;Animation, Drama, Family;8.1;71;
The Hidden Fortress;Akira Kurosawa;1958;126;Action, Adventure, Drama;8.1;89;
Ace in the Hole;Billy Wilder;1951;111;Drama, Film-Noir;8.1;72;3.97
White Heat;Raoul Walsh;1949;114;Action, Crime, Drama;8.1;;
The General;Clyde Bruckman;1926;78;Action, Adventure, Comedy;8.1;;1.03
Masaan;Neeraj Ghaywan;2015;109;Drama;8.1;;
The Gold Rush;Charles Chaplin;1925;95;Adventure, Comedy, Drama;8.1;;5.45
Throne of Blood;Akira Kurosawa;1957;110;Drama;8.1;;
Barfi!;Anurag Basu;2012;151;Comedy, Drama, Romance;8.1;;2.80
Talvar;Meghna Gulzar;2015;132;Crime, Drama, Mystery;8.1;;0.34
Sunrise;F.W. Murnau;1927;94;Drama, Romance;8.1;95;0.54
Autumn Sonata;Ingmar Bergman;1978;99;Drama, Music;8.1;;
A Wednesday;Neeraj Pandey;2008;104;Action, Crime, Drama;8.1;;
Rififi;Jules Dassin;1955;118;Crime, Drama, Thriller;8.1;97;0.06
Rang De Basanti;Rakeysh Omprakash Mehra;2006;167;Comedy, Crime, Drama;8.1;;2.20
The Grand Illusion;Jean Renoir;1937;113;Drama, War;8.1;;0.17
Raise the Red Lantern;Yimou Zhang;1991;125;Drama, Romance;8.1;;2.60
Nights of Cabiria;Federico Fellini;1957;110;Drama;8.1;;0.75
Pink;Aniruddha Roy Chowdhury;III 2016;136;Crime, Drama, Thriller;8.1;;1.24
Let's Go! India;Shimit Amin;2007;153;Drama, Family, Sport;8.1;68;1.11
The Virgin Spring;;1960;89;Drama;8.1;;1.53
Queen;;2013;146;Adventure, Comedy, Drama;8.1;;1.43
Jean de Florette;Claude Berri;1986;120;Comedy, Drama;8.1;;4.94
Article 15;Anubhav Sinha;2019;130;Crime, Drama, Mystery;8.1;;
Time of the Gypsies;Emir Kusturica;1988;142;Comedy, Crime, Drama;8.1;;0.28
Sholay;Ramesh Sippy;1975;162;Action, Adventure, Comedy;8.1;;
Munna Bhai M.B.B.S.;Rajkumar Hirani;2003;156;Comedy, Drama;8.1;;
Tangerines;Zaza Urushadze;2013;87;Drama, War;8.1;73;0.14
Kahaani;Sujoy Ghosh;2012;122;Mystery, Thriller;8.1;;1.04
Hera Pheri;Priyadarshan;2000;156;Action, Comedy, Crime;8.1;;
The Bandit;Yavuz Turgul;1996;128;Crime, Drama, Thriller;;;
The Circus;Charles Chaplin;1928;72;Comedy, Family, Romance;8.1;90;
Udaan;Vikramaditya Motwane;2010;134;Drama;8.1;;0.01
OMG: Oh My God!;Umesh Shukla;2012;125;Comedy, Drama, Fantasy;8.1;;0.92
Black;Sanjay Leela Bhansali;2005;122;Drama;8.1;;0.73
Everything's Gonna Be Great;Ömer Vargi;1998;107;Comedy, Drama, Thriller;8.1;;
Sarfarosh;John Mathew Matthan;1999;174;Action, Drama, Thriller;8.1;;
Anand;Hrishikesh Mukherjee;1971;122;Drama, Musical;8.1;;
Dune;Denis Villeneuve;2021;155;Action, Adventure, Drama;8.0;74;108.33
Blade Runner 2049;Denis Villeneuve;2017;164;Action, Drama, Mystery;8.0;81;92.05
Guardians of the Galaxy;James Gunn;2014;121;Action, Adventure, Comedy;8.0;76;333.18
Deadpool;Tim Miller;2016;108;Action, Comedy;8.0;65;363.07
Rain Man;Barry Levinson;1988;133;Drama;8.0;65;178.80
Black Swan;Darren Aronofsky;2010;108;Drama, Thriller;8.0;79;106.95
The Princess Bride;Rob Reiner;1987;98;Adventure, Comedy, Family;8.0;77;30.86
The Avengers;Joss Whedon;2012;143;Action, Sci-Fi;8.0;69;623.28
La La Land;Damien Chazelle;2016;128;Comedy, Drama, Music;8.0;94;151.10
The Martian;Ridley Scott;2015;144;Adventure, Drama, Sci-Fi;8.0;80;228.43
Donnie Darko;Richard Kelly;2001;113;Drama, Mystery, Sci-Fi;8.0;88;1.48
The Incredibles;Brad Bird;2004;115;Animation, Action, Adventure;8.0;90;261.44
Her;Spike Jonze;2013;126;Drama, Romance, Sci-Fi;8.0;91;25.57
Zootopia;Byron Howard;2016;108;Animation, Adventure, Comedy;8.0;78;341.27
The Graduate;Mike Nichols;1967;106;Comedy, Drama, Romance;8.0;83;104.95
Casino Royale;Martin Campbell;2006;144;Action, Adventure, Thriller;8.0;80;167.45
The Revenant;Alejandro G. Iñárritu;I 2015;156;Action, Adventure, Drama;8.0;76;183.64
The Imitation Game;Morten Tyldum;2014;114;Biography, Drama, Thriller;8.0;71;91.13
Sin City;Frank Miller;2005;124;Crime, Thriller;8.0;74;74.10
CODA;Sian Heder;2021;111;Comedy, Drama, Music;8.0;72;
Dances with Wolves;Kevin Costner;1990;181;Adventure, Drama, Western;8.0;72;184.21
Magnolia;Paul Thomas Anderson;1999;188;Drama;8.0;78;22.46
Slumdog Millionaire;Danny Boyle;2008;120;Crime, Drama, Romance;8.0;84;141.32
Scent of a Woman;Martin Brest;1992;156;Drama;8.0;59;63.90
Soul;Pete Docter;2020;100;Animation, Adventure, Comedy;8.0;83;
Groundhog Day;Harold Ramis;1993;101;Comedy, Drama, Fantasy;8.0;72;70.91
Do the Right Thing;Spike Lee;1989;120;Comedy, Drama;8.0;93;27.55
Dog Day Afternoon;Sidney Lumet;1975;125;Biography, Crime, Drama;8.0;86;50.00
Young Frankenstein;Mel Brooks;1974;106;Comedy;8.0;83;86.30
Aladdin;Ron Clements;1992;90;Animation, Adventure, Comedy;8.0;86;217.35
Blood Diamond;Edward Zwick;2006;143;Adventure, Drama, Thriller;8.0;64;57.37
12 Monkeys;Terry Gilliam;1995;129;Mystery, Sci-Fi, Thriller;8.0;74;57.14
The Pursuit of Happyness;Gabriele Muccino;2006;117;Biography, Drama;8.0;64;163.57
Big Fish;Tim Burton;2003;125;Adventure, Drama, Fantasy;8.0;58;66.26
Beauty and the Beast;Gary Trousdale;1991;84;Animation, Family, Fantasy;8.0;95;218.97
JFK;Oliver Stone;1991;189;Drama, History, Thriller;8.0;72;70.41
High Noon;Fred Zinnemann;1952;85;Drama, Thriller, Western;8.0;89;9.45
Planet of the Apes;Franklin J. Schaffner;1968;112;Adventure, Sci-Fi;8.0;79;33.40
The Bourne Ultimatum;Paul Greengrass;2007;115;Action, Mystery, Thriller;8.0;85;227.47
Akira;Katsuhiro Ôtomo;1988;124;Animation, Action, Drama;8.0;67;0.55
Rosemary's Baby;Roman Polanski;1968;137;Drama, Horror;8.0;96;
Perfect Blue;Satoshi Kon;1997;81;Animation, Crime, Drama;8.0;67;0.78
The Invisible Guest;Oriol Paulo;2016;106;Crime, Drama, Mystery;8.0;;
Kill Bill: Vol. 2;Quentin Tarantino;2004;137;Action, Crime, Thriller;8.0;83;66.21
Life of Brian;Terry Jones;1979;94;Comedy;8.0;77;20.05
Butch Cassidy and the Sundance Kid;George Roy Hill;1969;110;Biography, Crime, Drama;8.0;66;102.31
The King's Speech;Tom Hooper;2010;118;Biography, Drama, History;8.0;88;138.80
Dogville;Lars von Trier;2003;178;Crime, Drama;8.0;61;1.53
Fiddler on the Roof;Norman Jewison;1971;181;Drama, Family, Musical;8.0;67;80.50
Lion;Garth Davis;2016;118;Biography, Drama;8.0;69;51.74
What Ever Happened to Baby Jane?;Robert Aldrich;1962;134;Drama, Horror, Thriller;8.0;75;4.05
Ip Man;Wilson Yip;2008;106;Action, Biography, Drama;8.0;59;
Sling Blade;Billy Bob Thornton;1996;135;Drama;8.0;84;24.48
Chungking Express;Kar-Wai Wong;1994;102;Comedy, Crime, Drama;8.0;78;0.60
Roman Holiday;William Wyler;1953;118;Comedy, Romance;8.0;78;
Papillon;Franklin J. Schaffner;1973;151;Biography, Crime, Drama;8.0;58;53.27
Mommy;Xavier Dolan;I 2014;139;Drama;8.0;74;3.49
Being There;Hal Ashby;1979;130;Comedy, Drama;8.0;83;30.18
The Last Picture Show;Peter Bogdanovich;1971;118;Drama, Romance;8.0;93;29.13
8½;Federico Fellini;1963;138;Biography, Drama;8.0;93;0.05
Annie Hall;Woody Allen;1977;93;Comedy, Romance;8.0;92;39.20
Nausicaä of the Valley of the Wind;Hayao Miyazaki;1984;117;Animation, Adventure, Sci-Fi;8.0;86;0.50
The Maltese Falcon;John Huston;1941;100;Crime, Film-Noir, Mystery;8.0;97;2.11
Solaris;Andrei Tarkovsky;1972;167;Drama, Mystery, Sci-Fi;8.0;93;
Castle in the Sky;Hayao Miyazaki;1986;125;Animation, Adventure, Family;8.0;78;
Rio Bravo;Howard Hawks;1959;141;Drama, Western;8.0;93;12.54
Pink Floyd: The Wall;Alan Parker;1982;95;Drama, Fantasy, Music;8.0;47;22.24
Cinderella Man;Ron Howard;2005;144;Biography, Drama, Romance;8.0;69;61.65
The Legend of 1900;Giuseppe Tornatore;1998;169;Drama, Music, Romance;8.0;58;0.26
The Night of the Hunter;Charles Laughton;1955;92;Crime, Drama, Film-Noir;8.0;97;0.65
Fitzcarraldo;Werner Herzog;1982;158;Adventure, Drama;8.0;;
La Dolce Vita;Federico Fellini;1960;174;Comedy, Drama;8.0;95;19.52
Gandhi;Richard Attenborough;1982;191;Biography, Drama, History;8.0;79;52.77
Wings of Desire;Wim Wenders;1987;128;Drama, Fantasy, Romance;8.0;79;3.33
Who's Afraid of Virginia Woolf?;Mike Nichols;1966;131;Drama;8.0;75;
Infernal Affairs;Andrew Lau;2002;101;Action, Crime, Drama;8.0;75;0.17
The Straight Story;David Lynch;1999;112;Biography, Drama;8.0;86;6.20
Baahubali: The Beginning;S.S. Rajamouli;2015;159;Action, Drama;8.0;;6.74
Anatomy of a Murder;Otto Preminger;1959;161;Drama, Mystery;8.0;95;11.90
Wolfwalkers;Tomm Moore;2020;103;Animation, Action, Adventure;8.0;87;
Touch of Evil;Orson Welles;1958;95;Crime, Drama, Film-Noir;8.0;99;2.24
Mirror;Andrei Tarkovsky;1975;107;Biography, Drama;8.0;82;0.18
The Cabinet of Dr. Caligari;Robert Wiene;1920;67;Horror, Mystery, Thriller;8.0;;
The Hustler;Robert Rossen;1961;134;Drama, Sport;8.0;90;8.28
The Leopard;Luchino Visconti;1963;186;Drama, History;8.0;100;
Out of the Past;Jacques Tourneur;1947;97;Crime, Drama, Film-Noir;8.0;85;
Le Samouraï;Jean-Pierre Melville;1967;101;Crime, Drama, Thriller;8.0;;0.04
Elite Squad;José Padilha;2007;115;Action, Crime, Drama;8.0;33;0.01
Sweet Smell of Success;Alexander Mackendrick;1957;96;Drama, Film-Noir;8.0;100;
The Tale of The Princess Kaguya;Isao Takahata;2013;137;Animation, Drama, Family;8.0;89;1.51
Nobody Knows;Kore-eda Hirokazu;2004;141;Drama;8.0;88;0.68
Sleuth;Joseph L. Mankiewicz;1972;138;Mystery, Thriller;8.0;;4.08
Stalag 17;Billy Wilder;1953;120;Comedy, Drama, War;8.0;84;
Secrets & Lies;Mike Leigh;1996;136;Comedy, Drama;8.0;91;13.42
The Diving Bell and the Butterfly;Julian Schnabel;2007;112;Biography, Drama;8.0;92;5.99
Song of the Sea;Tomm Moore;2014;93;Animation, Adventure, Drama;8.0;85;0.86
The Sea Inside;Alejandro Amenábar;I 2004;126;Biography, Drama;8.0;74;2.09
My Sassy Girl;Jae-young Kwak;2001;137;Comedy, Drama, Romance;8.0;;
Cries & Whispers;Ingmar Bergman;1972;91;;8.0;;1.74
Brief Encounter;David Lean;1945;86;Drama, Romance;8.0;92;
Nostalghia;Andrei Tarkovsky;1983;125;Drama;8.0;;0.01
Dilwale Dulhania Le Jayenge;Aditya Chopra;1995;181;Drama, Romance;8.0;;
Departures;Yôjirô Takita;2008;130;Drama;8.0;68;1.50
Persepolis;Vincent Paronnaud;2007;96;Animation, Biography, Drama;8.0;90;4.45
M.S. Dhoni: The Untold Story;Mathur Goswami;2016;184;Biography, Drama, Sport;8.0;;1.78
La strada;Federico Fellini;1954;108;Drama;8.0;;
Black Cat, White Cat;Emir Kusturica;1998;127;Comedy, Crime, Romance;8.0;73;0.35
Quo Vadis, Aida?;Jasmila Zbanic;2020;101;Drama, History, War;8.0;97;
The Wild Pear Tree;Nuri Bilge Ceylan;2018;188;Drama;8.0;86;0.03
Goodbye, Children;Louis Malle;1987;104;Drama, War;8.0;88;4.54
Ivan's Childhood;Andrei Tarkovsky;1962;95;Drama, War;8.0;;
Spring, Summer, Fall, Winter... and Spring;Kim Ki-duk;2003;103;Drama, Romance;8.0;85;2.38
Haider;Vishal Bhardwaj;2014;160;Action, Crime, Drama;8.0;;0.90
Elite Squad 2: The Enemy Within;José Padilha;2010;115;Action, Crime, Drama;8.0;71;0.10
The Shop Around the Corner;Ernst Lubitsch;1940;99;Comedy, Drama, Romance;8.0;96;0.20
Kind Hearts and Coronets;Robert Hamer;1949;106;Comedy, Crime;8.0;;
Sanjuro;Akira Kurosawa;1962;96;Action, Drama, Thriller;8.0;;
The Exterminating Angel;Luis Buñuel;1962;95;Drama, Fantasy;8.0;;
Central Station;Walter Salles;1998;110;Drama;8.0;80;5.60
G.O.R.A.;Ömer Faruk Sorak;2004;127;Adventure, Comedy, Sci-Fi;8.0;;
Rome, Open City;Roberto Rossellini;1945;103;Drama, Thriller, War;8.0;;
Tae Guk Gi: The Brotherhood of War;Je-kyu Kang;2004;140;Action, Drama, War;8.0;64;1.11
Winter Light;Ingmar Bergman;1963;81;Drama;8.0;;
Carry On, Munna Bhai;Rajkumar Hirani;2006;144;Comedy, Drama, Romance;8.0;;2.22
Special 26;Neeraj Pandey;2013;144;Crime, Drama, Thriller;8.0;;1.08
The Breath;Levent Semerci;2009;128;Action, Drama, Thriller;8.0;;
Andaz Apna Apna;Rajkumar Santoshi;1994;160;Action, Comedy, Romance;8.0;;
Vizontele;Yilmaz Erdogan;2001;110;Comedy, Drama;8.0;;
Titanic;James Cameron;1997;194;Drama, Romance;7.9;75;659.33
John Wick: Chapter 4;Chad Stahelski;2023;169;Action, Crime, Thriller;7.9;78;
Avatar;James Cameron;2009;162;Action, Adventure, Fantasy;7.9;83;760.51
Puss in Boots: The Last Wish;Joel Crawford;2022;102;Animation, Adventure, Comedy;7.9;73;168.46
Zack Snyder's Justice League;Zack Snyder;2021;242;Action, Adventure, Fantasy;7.9;54;
Arrival;Denis Villeneuve;II 2016;116;Drama, Mystery, Sci-Fi;7.9;81;100.55
Fantastic Mr. Fox;Wes Anderson;2009;87;Animation, Adventure, Comedy;7.9;83;21.00
Knives Out;Rian Johnson;2019;130;Comedy, Crime, Drama;7.9;82;165.36
Iron Man;Jon Favreau;2008;126;Action, Adventure, Sci-Fi;7.9;79;318.41
Mulholland Drive;David Lynch;2001;147;Drama, Mystery, Thriller;7.9;86;7.22
Harry Potter and the Prisoner of Azkaban;Alfonso Cuarón;2004;142;Adventure, Family, Fantasy;7.9;82;249.36
Star Trek;J.J. Abrams;2009;127;Action, Adventure, Sci-Fi;7.9;82;257.73
True Romance;Tony Scott;1993;119;Crime, Drama, Romance;7.9;59;12.28
Boogie Nights;Paul Thomas Anderson;1997;155;Drama;7.9;85;26.40
Edward Scissorhands;Tim Burton;1990;105;Drama, Fantasy, Romance;7.9;74;56.36
Edge of Tomorrow;Doug Liman;2014;113;Action, Adventure, Sci-Fi;7.9;71;100.21
The Perks of Being a Wallflower;Stephen Chbosky;2012;103;Drama;7.9;67;17.74
X-Men: Days of Future Past;Bryan Singer;2014;132;Action, Adventure, Sci-Fi;7.9;75;233.92
Shaun of the Dead;Edgar Wright;2004;99;Comedy, Horror;7.9;76;13.54
Almost Famous;Cameron Crowe;2000;122;Adventure, Comedy, Drama;7.9;90;32.53
Jojo Rabbit;Taika Waititi;2019;108;Comedy, Drama, War;7.9;58;33.37
The Bourne Identity;Doug Liman;2002;119;Action, Mystery, Thriller;7.9;68;121.66
Bohemian Rhapsody;Bryan Singer;;134;Biography, Drama, Music;7.9;49;216.43
Thor: Ragnarok;Taika Waititi;;130;Action, Adventure, Comedy;7.9;74;315.06
Charade;Stanley Donen;1963;113;Comedy, Mystery, Romance;7.9;83;13.47
E.T. the Extra-Terrestrial;Steven Spielberg;1982;115;Adventure, Family, Sci-Fi;7.9;92;435.11
;Andrew Adamson;2001;90;Animation, Adventure, Comedy;7.9;84;267.67
Rope;Alfred Hitchcock;1948;80;Crime, Drama, Mystery;7.9;73;
Life of Pi;Ang Lee;2012;127;Adventure, Drama, Fantasy;7.9;79;124.99
In Bruges;Martin McDonagh;2008;107;Comedy, Crime, Drama;7.9;67;7.76
Children of Men;Alfonso Cuarón;2006;109;Action, Drama, Sci-Fi;7.9;84;35.55
The Blues Brothers;John Landis;1980;133;Action, Adventure, Comedy;7.9;60;57.23
Mystic River;Clint Eastwood;2003;138;Crime, Drama, Mystery;7.9;84;90.14
Dallas Buyers Club;Jean-Marc Vallée;2013;117;Biography, Drama;7.9;77;27.30
District 9;Neill Blomkamp;2009;112;Action, Sci-Fi, Thriller;7.9;81;115.65
Marriage Story;;2019;;Drama, Romance;7.9;94;2.00
Wonder;;I 2017;113;Drama, Family;7.9;66;132.42
All the President's Men;;1976;138;Drama, History, Thriller;7.9;84;70.60
Toy Story 2;John Lasseter;1999;92;Animation, Adventure, Comedy;7.9;88;245.85
The Searchers;John Ford;1956;119;Adventure, Drama, Western;7.9;94;
Boyhood;Richard Linklater;I 2014;165;Drama;7.9;100;25.38
This Is Spinal Tap;Rob Reiner;1984;82;Comedy, Music;7.9;92;4.74
Carlito's Way;Brian De Palma;1993;144;Crime, Drama, Thriller;7.9;66;36.95
The Man from Earth;Richard Schenkman;2007;87;Drama, Fantasy, Mystery;7.9;;
Bound by Honor;Taylor Hackford;1993;180;Crime, Drama;7.9;47;4.50
Brazil;Terry Gilliam;1985;132;Drama, Sci-Fi;7.9;84;9.93
Ghost in the Shell;Mamoru Oshii;1995;83;Animation, Action, Crime;7.9;76;0.52
The Nightmare Before Christmas;Henry Selick;1993;76;Animation, Family, Fantasy;7.9;82;75.08
Before Midnight;Richard Linklater;2013;109;Drama, Romance;7.9;94;8.11
A Fistful of Dollars;Sergio Leone;1964;99;Action, Drama, Western;7.9;65;14.50
Spartacus;Stanley Kubrick;1960;197;Adventure, Biography, Drama;7.9;87;30.00
The Wrestler;Darren Aronofsky;2008;109;Drama, Sport, Thriller;7.9;80;26.24
A Streetcar Named Desire;Elia Kazan;1951;122;Drama;7.9;97;8.00
The Ten Commandments;Cecil B. DeMille;1956;220;Adventure, Drama, Family;7.9;;93.74
Crouching Tiger, Hidden Dragon;Ang Lee;2000;120;Action, Adventure, Drama;7.9;94;128.08
Let the Right One In;Tomas Alfredson;2008;114;Drama, Fantasy, Horror;7.9;82;2.12
The Wild Bunch;Sam Peckinpah;1969;135;Action, Adventure, Drama;7.9;98;12.06
In the Heat of the Night;Norman Jewison;1967;110;Drama, Mystery, Thriller;7.9;76;24.38
Doctor Zhivago;David Lean;1965;197;Drama, Romance, War;7.9;69;111.72
The Raid 2;Gareth Evans;2014;150;Action, Crime, Thriller;7.9;71;2.63
Nosferatu;F.W. Murnau;1922;94;Fantasy, Horror;7.9;;
The Manchurian Candidate;John Frankenheimer;1962;126;Drama, Thriller;7.9;94;
Once Were Warriors;Lee Tamahori;1994;102;Crime, Drama;7.9;77;2.20
Sing Street;John Carney;2016;106;Comedy, Drama, Music;7.9;79;3.24
Harold and Maude;Hal Ashby;1971;91;Comedy, Drama, Romance;7.9;62;
Togo;Ericson Core;2019;113;Adventure, Biography, Drama;7.9;69;
Notorious;Alfred Hitchcock;1946;102;Drama, Film-Noir, Romance;7.9;100;10.46
Hero;Yimou Zhang;2002;120;Action, Adventure, Drama;7.9;85;53.71
The Lion in Winter;Anthony Harvey;1968;134;Biography, Drama, History;7.9;;22.28
The Artist;Michel Hazanavicius;I 2011;100;Comedy, Drama, Romance;7.9;89;44.67
King Kong;Merian C. Cooper;1933;100;Adventure, Horror, Sci-Fi;7.9;92;10.00
Shoplifters;Kore-eda Hirokazu;2018;121;Crime, Drama, Thriller;7.9;93;3.31
A Christmas Story;Bob Clark;1983;93;Comedy, Family;7.9;77;20.61
The Killing;Stanley Kubrick;1956;84;Crime, Drama, Film-Noir;7.9;91;
Dancer in the Dark;Lars von Trier;2000;140;Crime, Drama, Musical;7.9;63;4.18
Three Colors: Blue;Krzysztof Kieslowski;1993;94;Drama, Music, Mystery;7.9;87;1.32
Strangers on a Train;Alfred Hitchcock;1951;101;Crime, Drama, Film-Noir;7.9;88;7.63
Short Term 12;Destin Daniel Cretton;2013;96;Drama;7.9;82;1.01
The Red Circle;Jean-Pierre Melville;1970;140;Crime, Drama, Thriller;7.9;92;0.37
Patton;Franklin J. Schaffner;1970;172;Biography, Drama, War;7.9;86;61.70
The Big Sleep;Howard Hawks;1946;114;Crime, Film-Noir, Mystery;7.9;86;6.54
About Elly;Asghar Farhadi;2009;119;Drama, Mystery;7.9;87;0.11
The Philadelphia Story;George Cukor;1940;112;Comedy, Romance;7.9;96;
Cat on a Hot Tin Roof;Richard Brooks;1958;108;Drama;7.9;84;17.57
Arsenic and Old Lace;Frank Capra;1944;118;Comedy, Crime, Thriller;7.9;;
Head-On;Fatih Akin;2004;121;Drama, Romance;7.9;78;
The Conformist;Bernardo Bertolucci;1970;113;Drama;7.9;100;0.54
Amour;Michael Haneke;2012;127;Drama;7.9;95;6.74
Talk to Her;Pedro Almodóvar;2002;112;Drama, Mystery, Romance;7.9;86;9.36
Kal Ho Naa Ho;Nikkhil Advani;2003;186;Comedy, Drama, Musical;7.9;54;1.79
The Thin Man;W.S. Van Dyke;1934;91;Comedy, Crime, Mystery;7.9;86;
The Sacrifice;Andrei Tarkovsky;1986;149;Drama;7.9;;0.30
In a Lonely Place;Nicholas Ray;1950;94;Drama, Film-Noir, Mystery;7.9;;
I Remember;Federico Fellini;1973;123;Comedy, Drama;7.9;;0.58
The Adventures of Robin Hood;Michael Curtiz;1938;102;Action, Adventure, Romance;7.9;97;3.98
My Name Is Khan;Karan Johar;2010;165;Adventure, Drama, Romance;7.9;50;4.02
A Taxi Driver;Hun Jang;2017;137;Action, Drama, History;7.9;69;1.53
Mildred Pierce;Michael Curtiz;1945;111;Crime, Drama, Film-Noir;7.9;88;
Laura;Otto Preminger;1944;88;Drama, Film-Noir, Mystery;7.9;;4.36
In Cold Blood;Richard Brooks;1967;134;Biography, Crime, Drama;7.9;89;
Harvey;Henry Koster;1950;104;Comedy, Drama, Fantasy;7.9;;
Sullivan's Travels;Preston Sturges;1941;90;Adventure, Comedy, Drama;7.9;;
3-Iron;Kim Ki-duk;2004;88;Crime, Drama, Romance;7.9;72;0.24
C.R.A.Z.Y.;Jean-Marc Vallée;2005;129;Comedy, Drama;7.9;81;
The Way He Looks;Daniel Ribeiro;2014;96;Drama, Romance;7.9;71;0.10
Kagemusha;Akira Kurosawa;1980;162;Drama, History, War;7.9;84;
Gully Boy;Zoya Akhtar;2019;154;Drama, Music, Romance;7.9;65;5.57
Miracle on 34th Street;George Seaton;1947;96;Comedy, Drama, Family;7.9;88;2.65
Nine Queens;Fabián Bielinsky;2000;114;Crime, Drama, Thriller;7.9;80;1.22
Elevator to the Gallows;Louis Malle;1958;91;Crime, Drama, Thriller;7.9;94;0.11
Super 30;Vikas Bahl;2019;154;Biography, Drama;7.9;;2.27
The Lost Weekend;Billy Wilder;1945;101;Drama, Film-Noir;7.9;;9.46
4 Months, 3 Weeks and 2 Days;Cristian Mungiu;2007;113;Drama;7.9;97;1.19
Battleship Potemkin;Sergei Eisenstein;1925;66;Drama, History, Thriller;7.9;97;0.05
Hiroshima Mon Amour;Alain Resnais;1959;90;Drama, Romance;7.9;;0.09
The Big Heat;Fritz Lang;1953;89;Crime, Film-Noir, Thriller;;;
Dev.D;Anurag Kashyap;2009;144;Comedy, Drama, Romance;7.9;;0.01
The Rules of the Game;Jean Renoir;1939;110;Comedy, Drama;7.9;99;
Jab We Met;Imtiaz Ali;2007;138;Comedy, Drama, Romance;7.9;;0.41
The Return;Andrey Zvyagintsev;2003;110;Drama;7.9;82;0.50
Beauty and the Beast;Jean Cocteau;1946;93;Drama, Fantasy, Romance;7.9;92;0.30
No Man's Land;Danis Tanovic;I 2001;98;Comedy, Drama, War;7.9;84;1.06
Badhaai Ho;Amit Ravindernath Sharma;2018;124;Comedy, Drama;7.9;;
Through a Glass Darkly;Ingmar Bergman;1961;90;Drama;7.9;84;
Pad Man;R. Balki;2018;140;Comedy, Drama;7.9;;1.66
Baby;Neeraj Pandey;I 2015;159;Action, Crime, Thriller;7.9;;
Airlift;Raja Menon;2016;130;Action, Drama, History;7.9;;
The Batman;Matt Reeves;2022;176;Action, Crime, Drama;7.8;72;369.35
Everything Everywhere All at Once;Daniel Kwan;2022;139;Action, Adventure, Comedy;7.8;81;72.86
Tombstone;George P. Cosmatos;1993;130;Biography, Drama, History;7.8;50;56.51
Little Miss Sunshine;Jonathan Dayton;2006;101;Comedy, Drama;7.8;80;59.89
Dunkirk;Christopher Nolan;2017;106;Action, Drama, History;7.8;94;188.37
A Bronx Tale;Robert De Niro;1993;121;Crime, Drama;7.8;80;17.27
Moonrise Kingdom;Wes Anderson;2012;94;Comedy, Drama, Family;7.8;84;45.51
The Breakfast Club;John Hughes;1985;97;Comedy, Drama;7.8;66;45.88
The Gentlemen;Guy Ritchie;2019;113;Action, Comedy, Crime;7.8;51;36.47
Get Out;Jordan Peele;I 2017;104;Horror, Mystery, Thriller;7.8;85;176.04
The Notebook;Nick Cassavetes;2004;123;Drama, Romance;7.8;53;81.00
All Quiet on the Western Front;Edward Berger;2022;148;Action, Drama, War;7.8;76;
Drive;Nicolas Winding Refn;I 2011;100;Action, Drama;7.8;78;35.06
Pride & Prejudice;Joe Wright;2005;129;Drama, Romance;7.8;82;38.41
The Big Short;Adam McKay;2015;130;Biography, Comedy, Drama;7.8;81;70.26
Hot Fuzz;Edgar Wright;2007;121;Action, Comedy, Mystery;7.8;81;23.64
Call Me by Your Name;Luca Guadagnino;2017;132;Drama, Romance;7.8;94;18.10
RRR;S.S. Rajamouli;2022;187;Action, Drama;7.8;83;14.50
About Time;Richard Curtis;I 2013;123;Comedy, Drama, Fantasy;7.8;55;15.32
The Hateful Eight;Quentin Tarantino;2015;168;Crime, Drama, Mystery;7.8;68;54.12
Ghostbusters;Ivan Reitman;1984;105;Action, Comedy, Fantasy;7.8;71;238.63
The Irishman;Martin Scorsese;2019;209;Biography, Crime, Drama;7.8;94;7.00
Little Women;Greta Gerwig;2019;135;Drama, Romance;7.8;91;108.10
;David Fincher;2011;158;Crime, Drama, Mystery;7.8;71;102.52
The Sandlot;David Mickey Evans;1993;101;Comedy, Drama, Family;7.8;55;32.42
Predator;John McTiernan;1987;107;Action, Adventure, Horror;7.8;47;59.74
The Social Network;David Fincher;2010;120;Biography, Drama;7.8;95;96.96
Isle of Dogs;Wes Anderson;2018;101;Animation, Adventure, Comedy;7.8;82;32.02
Remember the Titans;Boaz Yakin;2000;113;Biography, Drama, Sport;7.8;48;115.65
Ferris Bueller's Day Off;John Hughes;1986;103;Comedy;7.8;61;70.14
The Hobbit: An Unexpected Journey;Peter Jackson;2012;169;Adventure, Fantasy;7.8;58;303.00
Rogue One: A Star Wars Story;Gareth Edwards;2016;133;Action, Adventure, Sci-Fi;7.8;65;532.18
Star Wars: Episode VII - The Force Awakens;J.J. Abrams;2015;138;Action, Adventure, Sci-Fi;7.8;80;936.66
Apocalypto;Mel Gibson;2006;139;Action, Adventure, Drama;7.8;68;50.87
Nightcrawler;Dan Gilroy;2014;117;Crime, Drama, Thriller;7.8;76;32.38
The Fugitive;Andrew Davis;1993;130;Action, Crime, Drama;7.8;87;183.88
Hidden Figures;Theodore Melfi;2016;127;Biography, Drama, History;7.8;74;169.61
American Gangster;Ridley Scott;2007;157;Biography, Crime, Drama;7.8;76;130.16
Atonement;Joe Wright;2007;123;Drama, Mystery, Romance;7.8;85;50.93
The Killing Fields;Roland Joffé;1984;141;Biography, Drama, History;7.8;76;34.70
The Curious Case of Benjamin Button;David Fincher;2008;166;Drama, Fantasy, Romance;7.8;70;127.51
Captain America: Civil War;Anthony Russo;2016;147;Action, Sci-Fi;7.8;75;408.08
The Untouchables;Brian De Palma;1987;119;Crime, Drama, Thriller;7.8;79;76.27
Taken;Pierre Morel;I 2008;90;Action, Crime, Thriller;7.8;51;145.00
Cast Away;Robert Zemeckis;2000;143;Adventure, Drama, Romance;7.8;73;233.63
Back to the Future Part II;Robert Zemeckis;1989;108;Adventure, Comedy, Sci-Fi;7.8;57;118.50
The Worst Person in the World;Joachim Trier;2021;128;Comedy, Drama, Romance;7.8;90;
Willy Wonka & the Chocolate Factory;Mel Stuart;1971;100;Family, Fantasy, Musical;7.8;67;4.00
The Outlaw Josey Wales;Clint Eastwood;1976;135;Western;7.8;69;31.80
Captain America: The Winter Soldier;Anthony Russo;2014;136;Action, Adventure, Sci-Fi;7.8;70;259.77
Skyfall;Sam Mendes;2012;143;Action, Adventure, Thriller;7.8;81;304.36
Captain Phillips;Paul Greengrass;2013;134;Action, Biography, Crime;7.8;82;107.10
Manchester by the Sea;Kenneth Lonergan;2016;137;Drama;7.8;96;47.70
Captain Fantastic;Matt Ross;2016;118;Comedy, Drama;7.8;72;5.88
The Hobbit: The Desolation of Smaug;Peter Jackson;2013;161;Fantasy;7.8;66;258.37
Gattaca;Andrew Niccol;1997;106;Drama, Sci-Fi, Thriller;7.8;64;12.34
Misery;Rob Reiner;1990;107;Drama, Thriller;7.8;75;61.28
The Last Samurai;Edward Zwick;2003;154;Action, Drama;7.8;55;111.11
Big Hero 6;Don Hall;2014;102;Animation, Action, Adventure;7.8;74;222.53
Thirteen Lives;Ron Howard;2022;147;Action, Adventure, Biography;7.8;66;
Midnight Cowboy;John Schlesinger;1969;113;Drama;7.8;79;44.79
Boyz n the Hood;John Singleton;1991;112;Crime, Drama;7.8;76;57.50
I Saw the Devil;Jee-woon Kim;2010;144;Action, Crime, Thriller;7.8;67;0.13
Mary Poppins;Robert Stevenson;1964;139;Comedy, Family, Fantasy;7.8;88;102.27
Walk the Line;James Mangold;2005;136;Biography, Drama, Music;7.8;72;119.52
East of Eden;Elia Kazan;1955;118;Drama;7.8;72;
Straight Outta Compton;F. Gary Gray;2015;147;Biography, Drama, History;7.8;72;161.20
The Conversation;Francis Ford Coppola;1974;113;Drama, Mystery, Thriller;7.8;87;4.42
Glory;Edward Zwick;1989;122;Biography, Drama, History;7.8;78;26.83
Awakenings;Penny Marshall;1990;121;Biography, Drama;7.8;74;52.10
Serenity;Joss Whedon;2005;119;Action, Adventure, Sci-Fi;7.8;74;25.51
Moon;Duncan Jones;2009;97;Drama, Mystery, Sci-Fi;7.8;67;5.01
The Holy Mountain;Alejandro Jodorowsky;1973;114;Adventure, Drama, Fantasy;7.8;76;0.06
The Right Stuff;Philip Kaufman;1983;193;Adventure, Biography, Drama;7.8;91;21.50
The Fighter;David O. Russell;I 2010;116;Action, Biography, Drama;7.8;79;93.62
Mississippi Burning;Alan Parker;1988;128;Crime, Drama, Mystery;7.8;65;34.60
The King of Comedy;Martin Scorsese;1982;109;Comedy, Crime, Drama;7.8;73;2.50
The Fall;Tarsem Singh;I 2006;117;Adventure, Drama, Fantasy;7.8;64;2.28
Paddington 2;Paul King;2017;103;Adventure, Comedy, Family;7.8;88;40.44
The Girl with the Dragon Tattoo;Niels Arden Oplev;2009;152;Crime, Drama, Mystery;7.8;76;10.10
Kiki's Delivery Service;Hayao Miyazaki;1989;103;Animation, Family, Fantasy;7.8;85;
How to Train Your Dragon 2;Dean DeBlois;2014;102;Animation, Action, Adventure;7.8;77;177.00
The Remains of the Day;James Ivory;1993;134;Drama, Romance;7.8;86;22.95
Pride;Matthew Warchus;I 2014;119;Biography, Comedy, Drama;7.8;79;
Hunt for the Wilderpeople;Taika Waititi;2016;101;Adventure, Comedy, Drama;7.8;81;5.20
The Insider;Michael Mann;1999;157;Biography, Drama, Thriller;7.8;84;28.97
Changeling;Clint Eastwood;2008;141;Biography, Crime, Drama;7.8;63;35.74
Ed Wood;Tim Burton;1994;127;Biography, Comedy, Drama;7.8;70;5.89
Night of the Living Dead;George A. Romero;1968;96;Horror, Thriller;7.8;89;0.09
The Day the Earth Stood Still;Robert Wise;1951;92;Drama, Sci-Fi;7.8;83;
The Best Offer;Giuseppe Tornatore;2013;131;Crime, Drama, Mystery;7.8;49;0.09
Dawn of the Dead;George A. Romero;1978;127;Horror, Thriller;7.8;71;5.10
My Fair Lady;George Cukor;1964;170;Drama, Family, Musical;7.8;95;72.00
Kramer vs. Kramer;Robert Benton;1979;105;Drama;7.8;77;106.26
My Left Foot;Jim Sheridan;1989;103;Biography, Drama;7.8;97;14.74
The Day of the Jackal;Fred Zinnemann;1973;143;Crime, Drama, Thriller;7.8;80;16.06
Bringing Up Baby;Howard Hawks;1938;102;Comedy;7.8;91;
Cabaret;Bob Fosse;1972;124;Drama, Music, Musical;7.8;80;42.77
October Sky;;1999;108;Biography, Drama, Family;7.8;71;32.48
Days of Heaven;;1978;94;Drama, Romance;7.8;93;
Guess Who's Coming to Dinner;Stanley Kramer;1967;108;Comedy, Drama;7.8;63;56.70
Once;John Carney;I 2007;86;Drama, Music, Romance;7.8;90;9.44
Aguirre, the Wrath of God;Werner Herzog;1972;95;Action, Adventure, Biography;7.8;;
Freaks;Tod Browning;1932;64;Drama, Horror;7.8;80;0.63
All About My Mother;Pedro Almodóvar;1999;101;Comedy, Drama, Romance;7.8;87;8.26
All That Jazz;Bob Fosse;1979;123;Drama, Music, Musical;7.8;72;37.82
Letters from Iwo Jima;Clint Eastwood;2006;141;Action, Adventure, Drama;7.8;89;13.76
Lilya 4-Ever;Lukas Moodysson;2002;109;Crime, Drama;7.8;83;0.18
Whisper of the Heart;Yoshifumi Kondô;1995;111;Animation, Drama, Family;7.8;75;
Gaslight;George Cukor;1944;114;Crime, Drama, Mystery;7.8;78;
The Chaser;Na Hong-jin;2008;125;Action, Crime, Drama;7.8;64;
Manhattan;Woody Allen;1979;96;Comedy, Drama, Romance;7.8;83;45.70
Breaking the Waves;Lars von Trier;1996;159;Drama;7.8;81;4.04
Loving Vincent;DK Welchman;2017;94;Animation, Drama, Mystery;7.8;62;6.74
The World's Fastest Indian;Roger Donaldson;2005;127;Biography, Drama, Sport;7.8;68;5.13
Frankenstein;James Whale;1931;70;Drama, Horror, Sci-Fi;7.8;91;
To Have and Have Not;Howard Hawks;1944;100;Adventure, Comedy, Film-Noir;7.8;90;
Stagecoach;John Ford;1939;96;Adventure, Drama, Western;7.8;93;
Red River;Howard Hawks;1948;133;Drama, Western;7.8;96;
The Lunchbox;Ritesh Batra;2013;104;Drama, Romance;7.8;76;4.23
Land ofe;Martin Zandvliet;2015;100;Drama, History, War;7.8;75;0.44
His Girl Friday;Howard Hawks;1940;92;Comedy, Drama, Romance;7.8;;0.30
Batman: Mask of the Phantasm;Eric Radomski;1993;76;Animation, Action, Adventure;7.8;65;5.62
L'Avventura;Michelangelo Antonioni;1960;144;Drama, Mystery, Romance;7.8;;
Hannah and Her Sisters;Woody Allen;1986;107;Comedy, Drama;7.8;90;40.08
Ninja Scroll;Yoshiaki Kawajiri;1993;94;Animation, Action, Adventure;7.8;;
The Man Who Would Be King;John Huston;1975;129;Adventure, War;7.8;91;
The White Ribbon;Michael Haneke;2009;144;Drama, Mystery, Thriller;7.8;84;2.22
Shadow of a Doubt;Alfred Hitchcock;1943;108;Film-Noir, Thriller;7.8;94;
A Prophet;Jacques Audiard;2009;155;Crime, Drama;7.8;90;2.08
The Bride of Frankenstein;James Whale;1935;75;Drama, Horror, Sci-Fi;7.8;95;4.36
The Umbrellas of Cherbourg;Jacques Demy;1964;91;Drama, Musical, Romance;7.8;86;0.03
I, Daniel Blake;Ken Loach;2016;100;Drama;7.8;78;0.26
The Innocents;Jack Clayton;1961;100;Horror;7.8;88;2.62
The Killer;John Woo;1989;;Action, Crime, Drama;7.8;82;
The Postman;Michael Radford;1994;108;Biography, Comedy, Drama;7.8;81;21.85
You Can't Take It with You;Frank Capra;1938;126;Comedy, Drama, Romance;7.8;;4.66
Cowboy Bebop: The Movie;Shin'ichirô Watanabe;2001;115;Animation, Action, Crime;7.8;61;1.00
The Chorus;Christophe Barratier;2004;97;Comedy, Drama, Music;7.8;56;3.64
Tokyo Godfathers;Satoshi Kon;2003;92;Animation, Adventure, Comedy;7.8;74;0.13
Crimes and Misdemeanors;Woody Allen;1989;104;Comedy, Drama;7.8;77;18.25
Once Upon a Time in Anatolia;Nuri Bilge Ceylan;2011;157;Crime, Drama, Thriller;7.8;82;0.14
The Asphalt Jungle;John Huston;1950;112;Crime, Drama, Film-Noir;7.8;85;
Veer Zaara;Yash Chopra;2004;192;Drama, Family, Musical;7.8;67;2.92
The Discreet Charm of the Bourgeoisie;Luis Buñuel;1972;102;Comedy;7.8;93;0.20
Like Father, Like Son;Kore-eda Hirokazu;2013;121;Drama;7.8;73;0.28
English Vinglish;Gauri Shinde;2012;134;Comedy, Drama, Family;7.8;;1.67
Duck Soup;Leo McCarey;1933;69;Comedy, Musical;7.8;93;
Vivre Sa Vie;Jean-Luc Godard;1962;85;Drama;7.8;;
Millennium Actress;Satoshi Kon;2001;87;Animation, Drama, Fantasy;;70;0.19
Knockin' on Heaven's Door;Thomas Jahn;1997;87;Action, Crime, Comedy;7.8;;0.00
My Life as a Zucchini;Claude Barras;2016;70;Animation, Comedy, Drama;7.8;85;0.29
A Night at the Opera;Sam Wood;1935;96;Comedy, Music, Musical;7.8;;2.54
Hindi Medium;Saket Chaudhary;2017;132;Comedy, Drama;7.8;;
Vicky Donor;Shoojit Sircar;2012;126;Comedy, Romance;7.8;;0.17
The Whale;Darren Aronofsky;2022;117;Drama;7.7;60;
Mission: Impossible - Fallout;Christopher McQuarrie;2018;147;Action, Adventure, Thriller;7.7;86;220.16
The Banshees of Inisherin;Martin McDonagh;2022;114;Comedy, Drama;7.7;87;
The Goonies;Richard Donner;1985;114;Adventure, Comedy, Family;7.7;62;61.50
Aftersun;Charlotte Wells;II 2022;102;Drama;7.7;95;
Kingsman: The Secret Service;Matthew Vaughn;2014;129;Action, Adventure, Comedy;7.7;60;128.26
Harry Potter and the Goblet of Fire;Mike Newell;2005;157;Adventure, Family, Fantasy;7.7;81;290.01
The Hangover;Todd Phillips;2009;100;Comedy;7.7;73;277.32
Ocean's Eleven;Steven Soderbergh;2001;116;Crime, Thriller;7.7;74;183.42
Silver Linings Playbook;David O. Russell;2012;122;Comedy, Drama, Romance;7.7;81;132.09
Zodiac;David Fincher;2007;157;Crime, Drama, Mystery;7.7;79;33.08
Black Hawk Down;Ridley Scott;2001;144;Action, Drama, History;7.7;74;108.64
Argo;Ben Affleck;2012;120;Biography, Drama, Thriller;7.7;86;136.03
A Few Good Men;Rob Reiner;1992;138;Drama, Thriller;7.7;62;141.34
Blue Is the Warmest Colour;Abdellatif Kechiche;2013;180;Drama, Romance;7.7;90;2.20
Blazing Saddles;Mel Brooks;1974;93;Comedy, Western;7.7;73;119.50
Lost in Translation;Sofia Coppola;2003;102;Comedy, Drama;7.7;91;44.59
Evil Dead II;Sam Raimi;1987;84;Comedy, Horror;7.7;72;5.92
Harry Potter and the Deathly Hallows: Part 1;David Yates;2010;146;Adventure, Family, Fantasy;7.7;65;295.98
Brokeback Mountain;Ang Lee;2005;134;Drama, Romance;7.7;87;83.04
The Last of the Mohicans;Michael Mann;1992;112;Action, Adventure, Drama;7.7;76;75.51
Primal Fear;Gregory Hoblit;1996;129;Crime, Drama, Mystery;7.7;47;56.12
Wind River;Taylor Sheridan;2017;107;Crime, Drama, Mystery;7.7;73;33.80
X-Men: First Class;Matthew Vaughn;2011;131;Action, Sci-Fi;7.7;65;146.41
Ex Machina;Alex Garland;2014;108;Drama, Sci-Fi, Thriller;7.7;78;25.44
500 Days of Summer;Marc Webb;2009;95;Comedy, Drama, Romance;7.7;76;32.39
3:10 to Yuma;James Mangold;2007;122;Action, Crime, Drama;7.7;76;53.61
Airplane!;Jim Abrahams;1980;88;Comedy;7.7;78;83.40
And Your Mother Too;Alfonso Cuarón;2001;106;Drama;7.7;89;13.62
Home Alone;Chris Columbus;1990;103;Comedy, Family;7.7;63;285.76
Training Day;Antoine Fuqua;2001;122;Action, Crime, Drama;7.7;69;76.63
Blue Velvet;David Lynch;1986;120;Crime, Drama, Mystery;7.7;76;8.55
Who Framed Roger Rabbit;Robert Zemeckis;1988;104;Animation, Adventure, Comedy;7.7;83;156.45
Coraline;Henry Selick;2009;100;Animation, Drama, Family;7.7;80;75.29
Glengarry Glen Ross;James Foley;1992;100;Crime, Drama, Mystery;7.7;82;10.73
Wait Until Dark;Terence Young;1967;108;Thriller;7.7;81;17.55
The Game;David Fincher;1997;129;Drama, Mystery, Thriller;7.7;63;48.32
The Count of Monte Cristo;Kevin Reynolds;2002;131;Action, Adventure, Drama;7.7;61;54.23
Mr. Nobody;Jaco Van Dormael;2009;141;Drama, Fantasy, Romance;7.7;63;0.00
The Lego Movie;Phil Lord;2014;100;Animation, Action, Adventure;7.7;83;257.76
Philadelphia;Jonathan Demme;1993;125;Drama;7.7;66;77.32
Tangled;Nathan Greno;2010;100;Animation, Adventure, Comedy;7.7;71;200.82
Man on Fire;Tony Scott;2004;146;Action, Crime, Drama;7.7;47;77.91
Birdman or The Unexpected Virtue of Ignorance;Alejandro G. Iñárritu;2014;119;Comedy, Drama;7.7;87;42.34
Deliverance;John Boorman;1972;109;Adventure, Drama, Thriller;7.7;80;7.06
First Blood;Ted Kotcheff;1982;93;Action, Adventure, Thriller;7.7;61;47.21
Sense and Sensibility;Ang Lee;1995;136;Drama, Romance;7.7;84;43.18
Star Trek II: The Wrath of Khan;Nicholas Meyer;1982;113;Action, Adventure, Sci-Fi;7.7;68;78.91
The Fault in Our Stars;Josh Boone;2014;126;Drama, Romance;7.7;69;124.87
The Bourne Supremacy;Paul Greengrass;2004;108;Action, Mystery, Thriller;7.7;73;176.24
;Rich Moore;2012;101;Animation, Adventure, Comedy;7.7;72;189.42
Apollo 13;Ron Howard;I 1995;140;Adventure, Drama, History;7.7;77;173.84
Midnight in Paris;Woody Allen;2011;94;Comedy, Fantasy, Romance;7.7;81;56.82
Toy Story 4;Josh Cooley;2019;100;Animation, Adventure, Comedy;7.7;84;434.04
Halloween;John Carpenter;1978;91;Horror, Thriller;7.7;87;47.00
Another Round;Thomas Vinterberg;2020;117;Drama;7.7;79;
The Machinist;Brad Anderson;2004;101;Drama, Thriller;7.7;61;1.08
O Brother, Where Art Thou?;Joel Coen;2000;107;Adventure, Comedy, Crime;7.7;69;45.51
Crash;Paul Haggis;I 2004;112;Crime, Drama, Thriller;7.7;66;54.58
What's Eating Gilbert Grape;Lasse Hallström;1993;118;Drama;7.7;73;9.17
The Magnificent Seven;John Sturges;1960;128;Action, Adventure, Drama;7.7;74;4.91
The French Connection;William Friedkin;1971;104;Action, Crime, Drama;7.7;94;15.63
Gravity;Alfonso Cuarón;2013;91;Drama, Sci-Fi, Thriller;7.7;96;274.09
Donnie Brasco;Mike Newell;1997;127;Biography, Crime, Drama;7.7;76;41.91
The Trial of the Chicago 7;Aaron Sorkin;2020;129;Drama, History, Thriller;7.7;76;
As Good as It Gets;James L. Brooks;1997;139;Comedy, Drama, Romance;7.7;67;148.48
Road to Perdition;Sam Mendes;2002;117;Crime, Drama, Thriller;7.7;72;104.45
The Boondock Saints;Troy Duffy;1999;108;Action, Thriller;7.7;44;0.03
Naked;Mike Leigh;1993;131;Comedy, Drama;7.7;85;1.77
Empire of the Sun;Steven Spielberg;1987;153;Drama, War;7.7;62;22.24
The Color Purple;Steven Spielberg;1985;154;Drama;7.7;78;98.47
Sound of Metal;Darius Marder;2019;120;Drama, Music;7.7;82;
When Harry Met Sally...;Rob Reiner;1989;95;Comedy, Drama, Romance;7.7;76;92.82
The Boy in the Striped Pajamas;Mark Herman;2008;94;Drama, War;7.7;55;9.03
A Man Called Ove;Hannes Holm;2015;116;Comedy, Drama, Romance;7.7;70;3.48
Star Trek Into Darkness;J.J. Abrams;2013;132;Action, Adventure, Sci-Fi;7.7;72;228.78
Fried Green Tomatoes;Jon Avnet;1991;130;Drama;7.7;64;82.42
Kung Fu Hustle;Stephen Chow;2004;99;Action, Comedy, Fantasy;7.7;78;17.11
Dirty Harry;Don Siegel;1971;102;Action, Crime, Thriller;7.7;87;35.90
Serpico;Sidney Lumet;1973;130;Biography, Crime, Drama;7.7;81;29.80
Detachment;Tony Kaye;2011;98;Drama;7.7;52;0.07
Happiness;Todd Solondz;1998;134;Comedy, Drama;7.7;81;2.81
Being John Malkovich;Spike Jonze;1999;113;Comedy, Drama, Fantasy;7.7;90;22.86
The Theory of Everything;James Marsh;2014;123;;7.7;71;35.89
The Dirty Dozen;Robert Aldrich;1967;150;Action, Adventure, War;7.7;73;45.30
Lucky Number Slevin;Paul McGuigan;2006;110;Crime, Drama, Thriller;7.7;53;22.49
Adaptation.;Spike Jonze;2002;115;Comedy, Drama;7.7;83;22.25
Clerks;Kevin Smith;1994;92;Comedy;7.7;70;3.15
The Longest Day;Ken Annakin;1962;178;Action, Drama, History;7.7;75;39.10
This Is England;Shane Meadows;2006;101;Crime, Drama;7.7;86;0.33
Flipped;Rob Reiner;I 2010;90;Comedy, Drama, Romance;7.7;45;1.75
The Name of the Rose;Jean-Jacques Annaud;1986;130;Drama, Mystery, Thriller;7.7;54;7.15
Goldfinger;Guy Hamilton;1964;110;Action, Adventure, Thriller;7.7;87;51.08
Ordinary People;Robert Redford;1980;124;Drama;7.7;86;54.80
South Park: Bigger, Longer & Uncut;Trey Parker;1999;81;Animation, Comedy, Fantasy;7.7;73;52.04
Bonnie and Clyde;Arthur Penn;1967;111;Action, Biography, Crime;7.7;86;
The Verdict;Sidney Lumet;1982;129;Drama;7.7;77;54.00
The Great Beauty;Paolo Sorrentino;2013;141;Drama;7.7;86;2.85
Malcolm X;Spike Lee;1992;202;Biography, Drama, History;7.7;73;48.17
Billy Elliot;Stephen Daldry;2000;110;Drama, Music;7.7;74;22.00
Miller's Crossing;Joel Coen;1990;115;Crime, Drama, Thriller;7.7;66;5.08
Paprika;Satoshi Kon;2006;90;Animation, Drama, Fantasy;7.7;81;0.88
The Wind Rises;Hayao Miyazaki;2013;126;Animation, Biography, Drama;7.7;83;5.21
Ray;Taylor Hackford;I 2004;152;Biography, Drama, Music;7.7;73;75.33
Roma;Alfonso Cuarón;2018;135;Drama;7.7;96;
Joint Security Area;Park Chan-wook;2000;110;Action, Drama, Thriller;7.7;58;
Run Lola Run;Tom Tykwer;1998;80;Action, Crime, Thriller;7.7;77;7.27
Belle de Jour;Luis Buñuel;1967;100;Drama, Romance;7.7;;0.03
The Last Emperor;Bernardo Bertolucci;1987;163;Biography, Drama, History;7.7;76;43.98
Hard Boiled;John Woo;1992;128;Action, Crime, Thriller;7.7;;
Kubo and the Two Strings;Travis Knight;2016;101;Animation, Action, Adventure;7.7;84;48.02
Fantastic Planet;René Laloux;1973;72;Animation, Sci-Fi;7.7;73;0.19
The Man from Nowhere;Jeong-beom Lee;2010;119;Action, Crime, Drama;7.7;;0.01
Mother;Bong Joon Ho;2009;129;Crime, Drama, Mystery;7.7;79;0.55
Badlands;Terrence Malick;1973;94;Action, Crime, Drama;7.7;93;
The African Queen;John Huston;1951;105;Adventure, Drama, Romance;7.7;91;0.54
Open Your Eyes;Alejandro Amenábar;1997;119;Drama, Mystery, Sci-Fi;7.7;;0.37
Beasts of No Nation;Cary Joji Fukunaga;2015;137;Drama, War;7.7;79;0.08
Finding Neverland;Marc Forster;2004;106;Biography, Drama, Family;7.7;67;51.68
Me and Earl and the Dying Girl;Alfonso Gomez-Rejon;2015;105;Comedy, Drama, Romance;7.7;74;6.74
The Quiet Man;John Ford;1952;129;Comedy, Drama, Romance;7.7;85;10.55
Happy Together;Kar-Wai Wong;1997;96;Drama, Romance;7.7;70;0.19
Breathless;Jean-Luc Godard;1960;90;Crime, Drama;7.7;;0.34
Black Book;Paul Verhoeven;2006;145;Drama, Thriller, War;7.7;71;4.40
Short Cuts;Robert Altman;1993;188;Comedy, Drama;7.7;81;6.11
Hamlet;Kenneth Branagh;1996;242;Drama;7.7;;4.41
Fantasia;James Algar;1940;124;Animation, Family, Fantasy;7.7;96;76.41
Nebraska;Alexander Payne;2013;115;Drama;7.7;86;17.65
The Double Life of Véronique;Krzysztof Kieslowski;1991;98;Drama, Fantasy, Music;7.7;86;2.00
Zulu;Cy Endfield;1964;138;Drama, History, War;7.7;77;
Waking Life;Richard Linklater;2001;99;Animation, Drama, Fantasy;7.7;84;2.89
Porco Rosso;Hayao Miyazaki;1992;94;Animation, Adventure, Comedy;7.7;83;
The Vanishing;George Sluizer;1988;107;Mystery, Thriller;7.7;;
Invasion of the Body Snatchers;Don Siegel;1956;80;Drama, Horror, Sci-Fi;7.7;92;
When Marnie Was There;Hiromasa Yonebayashi;2014;103;Animation, Drama, Family;7.7;72;0.77
Hedwig and the Angry Inch;John Cameron Mitchell;2001;95;Comedy, Drama, Music;7.7;85;3.03
Perfect Strangers;Paolo Genovese;2016;96;Comedy, Drama;7.7;;
A Man for All Seasons;Fred Zinnemann;1966;120;Biography, Drama, History;7.7;72;28.35
Night on Earth;Jim Jarmusch;1991;129;Comedy, Drama;7.7;68;2.02
Black Narcissus;Michael Powell;1947;101;Drama;7.7;86;
The Broken Circle Breakdown;Felix van Groeningen;2012;111;Drama, Music, Romance;7.7;70;0.18
The Triplets of Belleville;Sylvain Chomet;2003;80;Animation, Adventure, Comedy;7.7;91;7.00
Good Bye Lenin!;Wolfgang Becker;2003;121;Comedy, Drama, Romance;7.7;68;4.06
The Little Prince;Mark Osborne;2015;108;Animation, Adventure, Drama;7.7;70;1.34
Cape Fear;J. Lee Thompson;1962;106;Drama, Thriller;7.7;76;
Scarface;Howard Hawks;1932;93;Action, Crime, Drama;7.7;90;
Marty;Delbert Mann;1955;90;Drama, Romance;7.7;;
The Motorcycle Diaries;Walter Salles;2004;126;Adventure, Biography, Drama;7.7;75;16.78
The Lady Vanishes;Alfred Hitchcock;1938;96;Mystery, Thriller;7.7;98;
Down by Law;Jim Jarmusch;1986;107;Comedy, Crime, Drama;7.7;75;1.44
The Caine Mutiny;Edward Dmytryk;1954;124;Drama, War;7.7;63;21.75
Frost/Nixon;Ron Howard;2008;122;Biography, Drama, History;7.7;80;18.59
Taste of Cherry;Abbas Kiarostami;1997;95;Drama;7.7;80;0.31
Key Largo;John Huston;1948;100;Action, Crime, Drama;7.7;;
The Salesman;Asghar Farhadi;2016;124;Drama, Thriller;7.7;85;2.40
Confessions;Tetsuya Nakashima;2010;106;Drama, Thriller;7.7;;
Dreams;Akira Kurosawa;1990;119;Drama, Fantasy;7.7;;1.96
The Experiment;Oliver Hirschbiegel;2001;120;Drama, Thriller;7.7;60;0.14
Evil;Mikael Håfström;2003;113;Drama;7.7;61;0.02
Adam's Apples;Anders Thomas Jensen;2005;94;Comedy, Crime, Drama;7.7;51;0.00
The Girl Who Leapt Through Time;Mamoru Hosoda;2006;98;Animation, Adventure, Comedy;7.7;66;
The Magdalene Sisters;Peter Mullan;2002;114;Drama;7.7;83;4.89
After the Wedding;Susanne Bier;2006;120;Drama;7.7;78;0.41
In America;Jim Sheridan;2002;105;Drama;7.7;76;15.54
The Breadwinner;Nora Twomey;2017;94;Animation, Drama, Family;7.7;78;0.31
Jules and Jim;François Truffaut;1962;105;Drama, Romance;7.7;97;
Love and Death;Woody Allen;1975;85;Comedy, War;7.7;89;
Fireworks;Takeshi Kitano;1997;103;Crime, Drama, Romance;7.7;83;0.23
The Purple Rose of Cairo;Woody Allen;1985;82;Comedy, Fantasy, Romance;7.7;75;10.63
The Muppet Christmas Carol;Brian Henson;1992;85;Comedy, Drama, Family;7.7;64;27.28
The Past;Asghar Farhadi;2013;130;Drama, Mystery;7.7;85;1.33
Zelig;Woody Allen;1983;79;Comedy;7.7;;11.80
The Edge of Heaven;Fatih Akin;2007;122;Drama;7.7;85;0.74
Avatar: The Way of Water;James Cameron;2022;192;Action, Adventure, Fantasy;7.6;67;659.68
Harry Potter and the Sorcerer's Stone;Chris Columbus;2001;152;Adventure, Family, Fantasy;7.6;65;317.58
Once Upon a Time in Hollywood;Quentin Tarantino;2019;161;Comedy, Drama;7.6;83;142.50
American Psycho;Mary Harron;2000;102;Crime, Drama, Horror;7.6;64;15.07
The Fifth Element;Luc Besson;1997;126;Action, Adventure, Sci-Fi;7.6;52;63.54
Superbad;Greg Mottola;2007;113;Comedy;7.6;76;121.46
The Royal Tenenbaums;Wes Anderson;2001;110;Comedy, Drama;7.6;76;52.36
300;Zack Snyder;2006;117;Action, Drama;7.6;52;210.61
Watchmen;Zack Snyder;2009;162;Action, Drama, Mystery;7.6;56;107.51
Deadpool 2;David Leitch;2018;119;Action, Adventure, Comedy;7.6;66;324.59
Guardians of the Galaxy Vol. 2;James Gunn;2017;136;Action, Adventure, Comedy;7.6;67;389.81
Moana;Ron Clements;I 2016;107;Animation, Adventure, Comedy;7.6;81;248.76
RoboCop;Paul Verhoeven;1987;102;Action, Crime, Sci-Fi;7.6;70;53.42
Kick-Ass;Matthew Vaughn;2010;117;Action, Comedy, Crime;7.6;66;48.07
Sicario;Denis Villeneuve;2015;121;Action, Crime, Drama;7.6;82;46.89
My Cousin Vinny;Jonathan Lynn;1992;120;Comedy, Crime;7.6;68;52.93
Rushmore;Wes Anderson;1998;93;Comedy, Drama, Romance;7.6;86;17.11
Saw;James Wan;2004;103;Horror, Mystery, Thriller;7.6;46;56.00
Office Space;Mike Judge;1999;89;Comedy;7.6;68;10.82
Moneyball;Bennett Miller;2011;133;Biography, Drama, Sport;7.6;87;75.61
A Star Is Born;Bradley Cooper;2018;136;Drama, Music, Romance;7.6;88;215.29
The Butterfly Effect;Eric Bress;2004;113;Drama, Sci-Fi, Thriller;7.6;30;57.94
Inside Man;Spike Lee;2006;129;Crime, Drama, Mystery;7.6;76;88.51
Star Wars: Episode III - Revenge of the Sith;George Lucas;2005;140;;7.6;68;380.26
Stardust;Matthew Vaughn;2007;127;Adventure, Family, Fantasy;7.6;66;38.63
True Grit;Ethan Coen;2010;110;Drama, Western;7.6;80;171.24
Kung Fu Panda;Mark Osborne;2008;92;Animation, Action, Adventure;7.6;74;215.43
Minority Report;Steven Spielberg;2002;145;Action, Crime, Mystery;7.6;80;132.07
Hell or High Water;David Mackenzie;II 2016;102;Crime, Drama, Thriller;7.6;88;26.86
The Blind Side;John Lee Hancock;2009;129;Biography, Drama, Sport;7.6;53;255.96
Eastern Promises;David Cronenberg;2007;100;Crime, Drama, Thriller;7.6;83;17.11
The Others;Alejandro Amenábar;2001;104;Horror, Mystery, Thriller;7.6;74;96.52
The Birds;Alfred Hitchcock;1963;119;Drama, Horror, Mystery;7.6;90;11.40
Mulan;Tony Bancroft;1998;87;Animation, Adventure, Comedy;7.6;71;120.62
The Fly;David Cronenberg;1986;96;Drama, Horror, Sci-Fi;7.6;79;40.46
Lethal Weapon;Richard Donner;1987;109;Action, Crime, Thriller;7.6;68;65.21
What We Do in the Shadows;Jemaine Clement;2014;86;Comedy, Horror;7.6;76;3.33
The Mitchells vs the Machines;Michael Rianda;2021;114;Animation, Adventure, Comedy;7.6;81;
The Thin Red Line;Terrence Malick;1998;170;Drama, History, War;7.6;78;36.40
Despicable Me;Pierre Coffin;2010;95;Animation, Adventure, Comedy;7.6;72;251.51
Searching;Aneesh Chaganty;III 2018;102;Drama, Mystery, Thriller;7.6;71;26.02
The Raid: Redemption;Gareth Evans;2011;101;Action, Crime, Thriller;7.6;73;4.11
The Road Warrior;George Miller;1981;96;Action, Adventure, Sci-Fi;7.6;77;12.47
Dark City;Alex Proyas;1998;100;Fantasy, Mystery, Sci-Fi;7.6;66;14.38
Gone Baby Gone;Ben Affleck;2007;114;Crime, Drama, Mystery;7.6;72;20.30
The Skin I Live In;Pedro Almodóvar;2011;120;Drama, Horror, Mystery;7.6;70;3.19
Ponyo;Hayao Miyazaki;2008;101;Animation, Adventure, Comedy;7.6;86;15.09
The Jungle Book;Wolfgang Reitherman;1967;78;Animation, Adventure, Comedy;7.6;65;141.84
Enter the Dragon;Robert Clouse;1973;102;Action, Crime, Thriller;7.6;83;25.00
End of Watch;David Ayer;2012;109;Action, Adventure, Crime;7.6;68;41.00
Dark Waters;Todd Haynes;2019;126;Biography, Drama, History;7.6;73;
Dawn of the Planet of the Apes;Matt Reeves;2014;130;Action, Adventure, Drama;7.6;79;208.55
I Am Sam;Jessie Nelson;2001;132;Drama;7.6;28;40.31
Match Point;Woody Allen;2005;124;Drama, Romance, Thriller;7.6;72;23.09
The Bridges of Madison County;Clint Eastwood;1995;135;Drama, Romance;7.6;69;71.52
After Hours;Martin Scorsese;I 1985;97;Comedy, Crime, Drama;7.6;90;10.60
Sabrina;Billy Wilder;1954;113;Comedy, Drama, Romance;7.6;72;
Die Hard with a Vengeance;John McTiernan;1995;128;Action, Adventure, Thriller;7.6;58;100.01
Rebel Without a Cause;Nicholas Ray;1955;111;Drama;7.6;89;
Snow White and the Seven Dwarfs;William Cottrell;1937;83;Animation, Adventure, Family;7.6;96;184.93
From Here to Eternity;Fred Zinnemann;1953;118;Drama, Romance, War;7.6;85;30.50
50/50;Jonathan Levine;2011;100;Comedy, Drama, Romance;7.6;72;35.01
Barton Fink;Joel Coen;1991;116;Comedy, Drama, Thriller;7.6;69;6.15
21 Grams;Alejandro G. Iñárritu;2003;124;Crime, Drama, Thriller;7.6;70;16.29
United 93;Paul Greengrass;2006;111;Action, Drama, History;7.6;90;31.57
The Last King of Scotland;Kevin Macdonald;2006;123;Biography, Drama, History;7.6;74;17.61
25th Hour;Spike Lee;2002;135;Drama;7.6;69;13.06
The Taking of Pelham One Two Three;Joseph Sargent;1974;104;Action, Crime, Thriller;7.6;68;2.49
Control;Anton Corbijn;2007;122;Biography, Drama, Music;7.6;78;0.87
A Very Long Engagement;Jean-Pierre Jeunet;2004;133;Drama, Mystery, Romance;7.6;76;6.17
Shine;Scott Hicks;1996;105;Biography, Drama, Music;7.6;87;35.81
Philomena;Stephen Frears;2013;98;Biography, Comedy, Drama;7.6;77;37.71
The Invisible Man;James Whale;1933;71;Horror, Sci-Fi;7.6;87;
Cell 211;Daniel Monzón;2009;113;;7.6;;
